date,symbol,open,high,low,close,volume,pe_ratio,dividend_yield,market_cap_m,next_day_close
2020-01-01,PTT,46.03,55.34,41.84,45.98,2831361.0,12.59,1.52,130.19,47.28
2020-01-02,AOT,54.65,60.6,44.71,47.12,2453004.0,31.06,5.59,115.59,55.01
2020-01-03,SCB,72.2,78.18,62.7,73.44,1320732.0,17.25,5.53,96.99,59.54
2020-01-06,CPALL,96.74,102.6,95.65,101.84,8747416.0,29.61,7.79,890.84,88.31
2020-01-07,AOT,190.12,191.11,183.71,184.79,5908703.0,15.87,7.89,1091.87,197.64
2020-01-08,AOT,192.0,200.56,186.52,197.06,,26.15,3.64,1048.64,184.58
2020-01-09,SCB,137.41,144.77,128.35,141.93,999999999.0,29.8,2.26,782.15,156.04
2020-01-10,KBANK,111.85,114.79,109.98,110.15,1889651.0,18.21,6.97,208.15,124.45
2020-01-13,CPALL,138.01,144.18,132.78,134.36,,34.6,2.44,,123.72
2020-01-14,PTT,129.34,130.06,125.16,128.75,8091850.0,15.73,,1041.83,119.43
2020-01-15,CPALL,112.6,117.2,107.01,109.18,2913101.0,,2.45,318.05,122.12
2020-01-16,AOT,48.93,57.93,44.35,50.35,1892213.0,31.54,5.53,95.27,49.66
2020-01-17,PTT,158.48,167.68,150.69,164.23,7226245.0,16.9,4.6,1186.77,162.55
2020-01-20,PTT,88.61,92.61,80.37,90.39,561188.0,22.63,1.11,50.73,75.65
2020-01-21,SCB,57.54,59.3,53.98,56.54,3903322.0,6.38,2.42,,54.75
2020-01-22,AOT,182.84,190.32,175.46,181.45,3943879.0,7.67,3.12,715.62,181.8
2020-01-23,KBANK,143.22,149.17,133.59,142.33,6912592.0,19.07,6.65,983.87,127.4
2020-01-24,SCB,117.87,119.52,113.59,119.0,6979354.0,18.1,6.87,830.54,109.59
2020-01-27,CPALL,98.95,107.19,94.28,105.22,6332936.0,26.51,6.77,666.35,92.57
2020-01-28,SCB,173.16,176.57,171.54,174.17,9715267.0,37.62,1.82,1692.11,165.39
2020-01-29,AOT,184.06,191.81,180.86,183.61,3283842.0,39.47,2.22,602.95,169.46
2020-01-30,PTT,122.59,125.64,115.99,124.28,2834834.0,30.5,6.11,352.31,115.7
2020-01-31,ptt,135.46,143.24,134.87,141.02,1496276.0,35.77,5.34,211.0,146.63
2020-02-03,PTT,179.94,189.23,173.66,175.72,902868.0,,7.66,158.65,176.04
2020-02-04,PTT,162.22,168.19,160.74,161.22,2770795.0,12.7,1.29,446.71,172.59
2020-02-05,SCB,97.34,97.7,96.06,96.2,8983784.0,10.16,6.17,864.24,97.13
2020-02-06,CPALL,85.79,92.38,82.04,89.72,,15.08,1.8,687.17,78.4
2020-02-07,KBANK,66.61,67.51,62.06,64.13,770666.0,15.92,6.31,49.42,52.73
2020-02-10,KBANK,117.88,120.46,114.74,115.09,3201233.0,38.35,1.81,368.43,109.46
2020-02-11,PTT,158.56,160.69,148.83,154.42,3719651.0,15.94,,574.39,168.18
2020-02-12,SCB,166.23,172.6,164.73,167.09,1170569.0,,1.46,195.59,180.63
2020-02-13,SCB,195.05,198.05,185.39,190.33,9400354.0,16.64,2.8,1789.17,197.63
2020-02-14,AOT,144.01,148.56,139.97,143.51,7039383.0,26.02,1.39,1010.22,141.48
2020-02-17,KBANK,47.17,54.07,39.6,46.09,2639471.0,6.48,6.47,121.65,42.21
2020-02-18,KBANK,40.55,40.61,33.73,38.68,8291909.0,31.43,1.8,320.73,25.01
2020-02-19,SCB,76.66,77.71,75.24,76.25,7571418.0,31.89,,577.32,76.51
2020-02-20,KBANK,123.67,130.85,120.67,124.97,8384476.0,15.09,5.74,1047.81,117.54
2020-02-21,CPALL,98.95,103.92,94.28,102.95,6369107.0,19.09,2.83,,99.9
2020-02-24,PTT,60.67,65.9,58.62,59.91,4151561.0,31.93,1.79,,70.53
2020-02-25,SCB,67.44,68.61,65.21,67.51,,,5.84,331.08,68.96
2020-02-26,SCB,92.51,99.86,87.35,94.3,7520761.0,8.05,1.91,709.21,91.94
2020-02-27,CPALL,39.81,43.79,38.68,39.25,5387097.0,23.45,7.49,211.44,31.89
2020-02-28,CPALL,65.59,75.45,60.05,62.93,1335121.0,8.7,,84.02,57.75
2020-03-02,SCB,66.64,74.87,62.98,70.72,1020603.0,12.48,1.6,72.18,82.43
2020-03-03,aot,86.75,92.51,82.82,91.68,5300113.0,30.77,4.14,485.91,82.01
2020-03-04,AOT,151.03,155.6,146.09,152.18,3541474.0,27.69,7.33,538.94,153.64
2020-03-05,AOT,185.11,192.36,181.76,182.73,8047713.0,6.94,5.12,1470.56,184.27
2020-03-06,SCB,30.02,38.11,23.06,28.03,7671232.0,14.15,,215.02,38.78
2020-03-09,KBANK,63.52,64.45,58.38,60.61,7818914.0,11.98,5.05,473.9,63.33
2020-03-10,SCB,105.87,112.69,97.78,107.83,3820290.0,35.29,1.82,411.94,93.62
2020-03-11,AOT,120.61,127.56,118.44,120.73,352013.0,29.43,6.65,42.5,121.84
2020-03-12,KBANK,41.65,48.54,36.51,46.75,999999999.0,37.62,5.16,53.62,35.67
2020-03-13,CPALL,184.85,194.07,178.97,189.33,2388053.0,30.12,1.98,452.13,187.73
2020-03-16,CPALL,141.91,150.56,141.75,141.95,9035249.0,9.92,6.1,1282.55,139.35
2020-03-17,KBANK,90.69,99.59,83.96,98.59,4343725.0,,7.04,428.25,104.59
2020-03-18,KBANK,114.55,123.22,108.06,123.13,3522053.0,7.47,3.51,433.67,112.02
2020-03-19,SCB,44.11,45.95,36.75,39.46,4047761.0,33.32,,159.72,30.92
2020-03-20,CPALL,149.58,152.27,148.59,149.12,1179180.0,9.18,2.39,175.84,143.33
2020-03-23,SCB,68.32,70.98,67.01,67.58,4215026.0,23.58,2.9,284.85,54.25
2020-03-24,CPALL,89.78,97.92,79.93,85.67,2798662.0,,7.29,239.76,98.43
2020-03-25,CPALL,56.89,63.76,52.52,54.18,397898.0,17.92,0.67,21.56,63.19
2020-03-26,KBANK,184.56,191.27,175.91,179.68,1071409.0,19.26,2.62,192.51,169.3
2020-03-27,KBANK,60.17,69.62,55.6,64.06,7059270.0,35.13,7.1,452.22,67.1
2020-03-30,AOT,157.43,163.05,152.79,160.48,648818.0,20.11,6.68,104.12,172.65
2020-03-31,PTT,103.4,105.96,97.37,104.53,6033211.0,35.66,5.23,630.65,112.69
2020-04-01,SCB,145.02,154.71,140.28,149.28,8446322.0,37.28,,1260.87,138.49
2020-04-02,AOT,174.31,180.28,165.2,166.31,6644232.0,21.6,,1105.0,152.61
2020-04-03,PTT,55.56,65.29,54.86,56.76,8895357.0,18.26,3.31,504.9,61.99
2020-04-06,KBANK,111.91,113.57,104.8,112.13,9272394.0,32.73,5.89,1039.71,106.86
2020-04-07,PTT,164.48,173.15,156.55,169.59,7740300.0,14.29,2.32,1312.68,170.88
2020-04-08,SCB,38.68,39.92,31.12,31.81,837286.0,,,,44.94
2020-04-09,CPALL,117.61,122.31,108.24,112.06,8686541.0,28.15,7.01,973.41,106.21
2020-04-10,CPALL,78.2,87.82,76.34,76.84,2266294.0,16.58,6.17,174.14,63.6
2020-04-13,SCB,126.85,135.41,125.92,134.61,2777848.0,8.41,7.94,373.93,131.02
2020-04-14,PTT,192.07,196.02,190.85,192.11,9025996.0,12.59,3.54,1733.98,190.4
2020-04-15,PTT,109.59,112.7,109.32,111.96,2410245.0,18.4,6.39,269.85,112.59
2020-04-16,CPALL,116.39,118.46,106.76,115.21,9773305.0,,5.88,1125.98,124.1
2020-04-17,KBANK,196.53,204.12,190.35,199.97,2029944.0,34.55,7.17,,185.26
2020-04-20,PTT,117.8,126.11,116.2,120.09,2803763.0,16.6,0.95,336.7,116.55
2020-04-21,KBANK,85.03,92.11,79.76,84.09,4346032.0,16.86,4.57,365.46,72.66
2020-04-22,AOT,172.32,174.42,170.34,174.27,323141.0,24.2,5.89,56.31,186.64
2020-04-23,KBANK,184.55,191.31,174.93,180.65,4112400.0,37.29,5.01,742.91,182.41
2020-04-24,AOT,143.29,148.81,136.7,147.89,9324767.0,24.34,5.81,1379.04,134.9
2020-04-27,KBANK,59.74,68.2,51.2,57.22,6654023.0,32.21,7.11,380.74,58.22
2020-04-28,CPALL,141.12,146.93,132.12,132.37,273593.0,8.0,1.78,,127.84
2020-04-29,CPALL,102.25,108.05,96.78,105.19,3605716.0,15.81,3.84,,105.45
2020-04-30,KBANK,44.4,54.36,34.56,45.03,6664534.0,38.65,2.93,300.1,52.91
2020-05-01,AOT,32.06,34.09,30.47,33.14,5794697.0,17.99,5.45,192.04,22.0
2020-05-04,AOT,145.42,150.52,139.82,147.92,1994446.0,19.86,7.72,295.02,140.79
2020-05-05,AOT,114.27,123.48,104.29,106.11,565934.0,24.93,4.46,60.05,98.77
2020-05-06,SCB,62.9,68.81,53.41,62.93,237912.0,33.61,,14.97,71.16
2020-05-07,KBANK,110.52,114.84,108.72,114.51,2400800.0,12.07,6.38,274.92,125.04
2020-05-08,PTT,86.84,92.52,76.85,82.2,3765756.0,37.44,4.49,309.55,76.97
2020-05-11,AOT,84.24,90.49,74.37,84.94,8772936.0,36.03,,745.17,82.8
2020-05-12,AOT,73.31,82.16,72.84,81.08,1179056.0,14.55,5.79,,89.1
2020-05-13,PTT,46.36,53.61,42.65,43.69,,28.13,2.66,418.96,37.39
2020-05-14,SCB,161.12,166.9,157.62,164.7,1951077.0,,3.84,321.34,169.67
2020-05-15,PTT,110.24,117.64,103.35,115.53,,9.57,4.28,,119.02
2020-05-18,AOT,107.79,113.76,106.15,112.49,5351729.0,31.23,0.78,602.02,108.99
2020-05-19,KBANK,107.15,117.0,98.08,98.18,3836522.0,39.43,5.28,376.67,88.04
2020-05-20,SCB,46.2,51.14,43.81,49.32,1781091.0,7.26,,87.84,61.72
2020-05-21,AOT,191.25,191.64,185.93,187.1,5350320.0,,2.98,1001.04,186.16
2020-05-22,SCB,87.13,93.77,84.33,89.3,4519080.0,22.14,1.47,403.55,101.95
2020-05-25,KBANK,113.45,116.78,103.66,110.8,5151734.0,5.24,0.72,570.81,117.39
2020-05-26,AOT,126.73,128.92,118.87,127.75,3183402.0,34.22,4.54,406.68,141.92
2020-05-27,PTT,168.36,175.03,162.95,170.71,998215.0,34.24,4.78,,176.18
2020-05-28,CPALL,87.4,87.7,86.34,87.06,7279039.0,38.8,6.5,633.71,87.83
2020-05-29,KBANK,194.31,201.58,188.97,200.71,6729841.0,,3.48,1350.75,195.12
2020-06-01,AOT,77.86,78.89,70.95,74.91,5558109.0,32.69,5.23,416.36,73.94
2020-06-02,PTT,69.32,73.83,62.11,73.77,7606394.0,25.44,1.35,,81.27
2020-06-03,CPALL,96.98,106.18,90.63,91.6,9511616.0,10.27,1.21,871.26,104.8
2020-06-04,CPALL,82.94,86.32,73.74,74.47,8989162.0,17.19,7.87,669.42,81.36
2020-06-05,SCB,137.34,137.68,132.98,134.84,3540965.0,22.23,4.81,477.46,122.31
2020-06-08,CPALL,137.84,142.44,137.21,139.51,6994320.0,19.89,2.09,975.78,125.49
2020-06-09,SCB,36.81,44.25,32.05,33.93,6224845.0,39.33,1.35,211.21,20.18
2020-06-10,SCB,65.97,71.1,62.05,64.73,6318089.0,32.06,5.54,408.97,78.2
2020-06-11,KBANK,199.58,207.4,192.06,202.71,7676654.0,30.18,6.58,1556.13,208.95
2020-06-12,AOT,141.04,145.62,134.12,139.1,7887544.0,35.26,3.72,1097.16,152.21
2020-06-15,KBANK,186.34,196.02,180.25,193.26,5336897.0,14.41,7.09,1031.41,182.64
2020-06-16,KBANK,146.92,147.57,145.58,146.61,4638255.0,9.58,4.94,680.01,161.33
2020-06-17,AOT,60.55,64.9,58.33,60.71,534866.0,7.97,4.35,32.47,68.63
2020-06-18,PTT,43.05,46.43,41.76,43.31,2304492.0,18.02,2.49,99.81,47.0
2020-06-19,PTT,96.07,99.6,87.29,98.48,,34.64,7.98,542.41,100.39
2020-06-22,PTT,82.69,90.19,78.29,87.42,8595981.0,39.59,7.85,751.46,99.68
2020-06-23,KBANK,131.25,135.23,121.28,130.03,9626156.0,31.72,,1251.69,140.97
2020-06-24,PTT,36.64,43.72,34.57,37.63,3407377.0,5.87,1.72,128.22,37.63
2020-06-25,CPALL,193.03,200.72,190.42,199.4,,7.74,3.0,1247.3,199.59
2020-06-26,CPALL,171.96,178.38,168.67,173.44,4905134.0,15.95,0.98,850.75,184.23
2020-06-29,CPALL,183.59,184.42,180.97,182.59,7665502.0,14.69,7.45,1399.64,177.43
2020-06-30,CPALL,96.83,104.37,92.58,102.23,1872044.0,13.2,5.97,191.38,111.65
2020-07-01,KBANK,127.6,134.81,126.27,131.44,,8.57,7.38,133.32,124.11
2020-07-02,PTT,159.53,169.42,153.69,168.44,9148180.0,19.28,2.1,1540.92,164.33
2020-07-03,KBANK,185.37,191.06,176.46,178.72,2735141.0,13.5,7.28,488.82,167.63
2020-07-06,PTT,129.49,138.69,120.98,121.01,2492606.0,22.28,1.28,301.63,109.98
2020-07-07,CPALL,87.37,90.47,85.72,88.27,2616407.0,11.3,2.54,230.95,80.81
2020-07-08,SCB,179.28,185.1,175.32,178.01,9807622.0,34.5,4.62,1745.85,191.39
2020-07-09,PTT,189.04,191.72,185.58,185.97,3862823.0,,6.92,718.37,172.97
2020-07-10,AOT,153.96,156.27,152.54,154.76,4634471.0,6.14,4.0,717.23,166.59
2020-07-13,CPALL,197.38,203.58,191.49,194.38,1153165.0,30.67,6.37,224.15,200.47
2020-07-14,PTT,125.8,130.92,118.98,130.07,185126.0,,7.84,24.08,128.02
2020-07-15,SCB,129.83,137.64,120.72,122.48,183681.0,36.11,2.06,22.5,128.16
2020-07-16,KBANK,199.47,206.82,197.76,205.0,9713893.0,39.74,2.09,1991.35,212.5
2020-07-17,SCB,179.91,189.43,176.93,177.64,6049536.0,13.77,6.42,1074.64,186.98
2020-07-20,PTT,176.69,179.29,168.44,171.03,1099437.0,31.53,5.46,188.04,160.65
2020-07-21,CPALL,182.05,188.39,179.09,185.85,3856507.0,10.29,0.73,716.73,179.35
2020-07-22,CPALL,144.38,148.4,136.37,140.75,7164078.0,36.55,1.43,1008.34,133.67
2020-07-23,KBANK,116.73,119.17,107.86,110.56,158562.0,25.48,5.87,17.53,125.43
2020-07-24,SCB,52.18,56.43,52.02,55.27,1048049.0,35.5,6.64,57.93,45.9
2020-07-27,AOT,57.8,58.04,52.82,56.21,5335856.0,5.91,0.61,299.93,70.9
2020-07-28,KBANK,185.49,185.5,183.24,184.45,1528499.0,11.65,5.22,,177.45
2020-07-29,CPALL,127.87,132.07,121.51,130.24,4462645.0,26.43,3.98,,135.23
2020-07-30,CPALL,115.74,120.49,111.81,115.22,1588038.0,30.9,6.94,182.97,112.78
2020-07-31,PTT,149.49,158.26,149.41,156.66,5840529.0,15.86,3.04,914.98,167.57
2020-08-03,AOT,142.01,148.79,137.8,145.82,9422929.0,17.19,2.94,1374.05,159.01
2020-08-04,KBANK,198.29,204.36,197.55,203.51,1912441.0,10.35,7.93,389.2,191.89
2020-08-05,KBANK,83.51,87.92,78.95,87.27,3695435.0,8.43,3.4,322.5,81.69
2020-08-06,CPALL,30.84,38.94,30.62,33.46,,20.73,3.91,68.01,34.68
2020-08-07,KBANK,115.43,122.67,114.28,115.17,9530285.0,9.88,1.46,1097.6,110.28
2020-08-10,KBANK,135.66,136.15,132.14,135.08,2297330.0,14.35,4.71,310.32,142.9
2020-08-11,CPALL,100.01,101.55,96.48,100.6,8295313.0,26.08,7.27,834.51,92.24
2020-08-12,AOT,190.65,192.95,183.06,192.77,3596721.0,27.98,2.61,693.34,196.92
2020-08-13,SCB,174.75,184.1,171.64,180.67,6420116.0,32.97,7.16,1159.92,185.23
2020-08-14,AOT,102.34,108.88,96.79,103.05,,33.43,0.56,24.87,114.62
2020-08-17,CPALL,55.77,58.96,49.14,52.72,6438432.0,34.72,1.35,339.43,38.42
2020-08-18,SCB,194.37,198.12,190.97,195.68,3732721.0,15.6,7.69,730.42,186.65
2020-08-19,PTT,178.57,187.01,169.03,177.9,,12.32,3.64,1679.22,173.57
2020-08-20,PTT,72.32,79.77,67.66,77.62,1048167.0,8.64,,81.36,78.27
2020-08-21,KBANK,118.37,121.97,109.2,111.29,7520024.0,15.1,6.52,836.9,105.01
2020-08-24,CPALL,77.23,82.56,72.47,79.67,4173221.0,5.81,4.8,332.48,71.65
2020-08-25,SCB,74.05,78.76,64.45,66.81,999999999.0,12.19,4.89,110.87,78.18
2020-08-26,KBANK,84.99,93.19,79.04,87.75,6155301.0,33.98,6.2,540.13,86.03
2020-08-27,PTT,61.21,65.83,57.74,57.99,3625767.0,10.61,0.53,210.26,65.01
2020-08-28,PTT,142.95,150.06,135.38,139.96,6057249.0,33.48,,847.77,144.6
2020-08-31,AOT,181.81,186.21,179.6,185.87,5575925.0,21.91,3.95,1036.4,174.77
2020-09-01,SCB,65.56,65.75,61.16,63.46,1620150.0,,7.4,102.81,69.08
2020-09-02,SCB,61.32,64.89,57.23,59.47,316997.0,31.54,1.13,18.85,44.89
2020-09-03,SCB,132.4,137.08,128.74,130.4,,39.54,3.69,1146.94,138.32
2020-09-04,PTT,89.05,90.75,87.26,87.67,1658078.0,14.19,3.8,145.36,72.95
2020-09-07,PTT,179.19,180.75,172.31,173.53,,39.57,4.46,959.67,172.73
2020-09-08,KBANK,45.19,49.02,35.9,37.89,5779325.0,39.7,2.02,,41.8
2020-09-09,KBANK,44.54,47.81,36.39,43.1,3515457.0,12.45,2.27,151.52,38.17
2020-09-10,CPALL,185.68,195.21,178.71,189.83,3704519.0,37.28,6.67,703.23,188.94
2020-09-11,kbank,177.84,181.52,169.44,170.53,2674321.0,31.63,6.52,456.05,172.62
2020-09-14,CPALL,95.03,102.99,92.26,94.4,1946426.0,31.31,,183.74,101.88
2020-09-15,PTT,191.67,201.24,184.51,195.65,7443653.0,13.61,6.91,1456.35,188.08
2020-09-16,AOT,47.69,50.27,42.35,48.91,458557.0,18.48,1.68,22.43,58.35
2020-09-17,KBANK,72.72,72.86,68.36,70.7,4361972.0,15.39,4.29,308.39,64.58
2020-09-18,AOT,143.52,147.4,138.64,140.4,753209.0,11.12,3.09,105.75,132.13
2020-09-21,CPALL,42.63,50.54,41.27,44.2,9505485.0,17.34,4.44,420.14,51.02
2020-09-22,PTT,139.5,149.23,139.02,147.15,2465808.0,6.81,1.25,362.84,158.48
2020-09-23,AOT,30.82,34.69,25.26,33.46,8275343.0,37.13,3.72,276.89,34.47
2020-09-24,CPALL,48.04,56.54,43.56,48.99,4264371.0,26.31,2.88,208.91,50.33
2020-09-25,AOT,175.1,177.95,172.42,176.83,7020391.0,8.0,6.0,1241.42,176.39
2020-09-28,CPALL,188.12,190.9,181.19,183.66,7249834.0,7.87,0.65,1331.5,175.54
2020-09-29,CPALL,89.97,97.77,89.23,94.25,3662907.0,21.22,1.89,345.23,95.47
2020-09-30,CPALL,97.27,102.33,87.81,94.22,999999999.0,19.77,0.8,481.99,81.45
2020-10-01,kbank,44.83,45.01,36.12,42.44,6394194.0,6.99,2.31,,38.74
2020-10-02,AOT,89.63,97.91,88.22,97.58,2530085.0,23.12,0.64,246.89,88.22
2020-10-05,CPALL,103.17,110.45,99.13,106.9,6335347.0,,3.7,677.25,115.64
2020-10-06,PTT,101.33,103.85,96.22,103.66,2241333.0,27.6,4.82,232.34,93.75
2020-10-07,KBANK,179.25,183.27,171.92,177.18,,14.7,7.65,844.32,171.6
2020-10-08,AOT,108.09,116.44,103.07,114.9,8169436.0,-99.0,5.37,938.67,122.71
2020-10-09,KBANK,190.13,195.6,183.95,185.27,5808145.0,31.09,4.78,1076.08,186.57
2020-10-12,KBANK,65.44,74.16,60.76,62.81,8389149.0,26.81,4.71,526.92,60.83
2020-10-13,AOT,167.23,175.52,164.38,167.91,,24.93,0.71,701.89,180.07
2020-10-14,AOT,171.42,175.87,163.94,167.99,2948176.0,37.97,6.3,,156.68
2020-10-15,PTT,190.55,200.12,189.38,196.41,,28.71,,1552.18,191.38
2020-10-16,AOT,41.76,43.11,33.7,35.22,2077227.0,34.52,0.89,73.16,23.64
2020-10-19,AOT,146.39,151.92,138.55,142.62,3173756.0,31.45,6.57,452.64,130.95
2020-10-20,PTT,91.82,98.02,86.22,88.3,,,3.97,443.99,73.92
2020-10-21,PTT,150.29,154.07,145.35,153.89,2353357.0,,2.09,362.16,165.2
2020-10-22,CPALL,153.02,162.03,144.61,150.81,,38.44,6.33,,145.89
2020-10-23,PTT,168.39,171.98,162.76,168.45,8163963.0,14.66,2.36,1375.22,174.72
2020-10-26,KBANK,60.13,64.98,50.41,53.13,2067518.0,8.26,,109.85,52.57
2020-10-27,KBANK,104.36,104.9,94.69,97.03,7520349.0,12.7,3.41,729.7,87.46
2020-10-28,AOT,46.35,51.91,39.75,41.58,1150452.0,10.57,3.33,47.84,42.83
2020-10-29,AOT,84.48,87.4,80.04,82.7,2303121.0,39.46,3.0,190.47,87.13
2020-10-30,SCB,153.32,158.55,145.76,153.94,203942.0,25.53,2.59,31.39,148.86
2020-11-02,PTT,150.22,153.31,147.74,151.17,1733642.0,22.13,3.19,262.07,161.11
2020-11-03,SCB,150.06,158.43,147.77,153.99,2073449.0,5.06,7.46,319.29,163.37
2020-11-04,SCB,54.19,54.96,52.1,52.33,9902554.0,18.49,1.25,518.2,64.43
2020-11-05,KBANK,158.9,166.86,157.35,162.76,5345827.0,,7.82,870.09,158.06
2020-11-06,AOT,192.05,200.32,186.97,188.81,7147428.0,17.37,4.29,1349.51,201.97
2020-11-09,CPALL,105.92,113.4,97.51,101.44,7009771.0,14.24,5.77,,108.18
2020-11-10,PTT,199.1,200.08,195.94,197.49,3961836.0,17.75,4.31,782.42,202.82
2020-11-11,CPALL,155.61,161.86,148.07,154.31,9054453.0,5.58,4.96,1397.19,156.56
2020-11-12,CPALL,117.54,125.17,113.84,120.99,6190707.0,27.67,2.82,749.01,133.66
2020-11-13,SCB,148.85,158.27,141.31,145.35,4829148.0,18.15,2.18,701.92,147.0
2020-11-16,CPALL,30.95,33.32,23.43,28.47,8924883.0,32.11,6.83,254.09,19.62
2020-11-17,AOT,80.71,87.48,79.74,85.93,1972493.0,9.55,1.38,169.5,93.13
2020-11-18,CPALL,57.34,64.75,54.06,59.85,8205394.0,16.44,5.59,491.09,53.13
2020-11-19,KBANK,165.3,175.18,160.29,163.52,2721898.0,21.45,,445.08,160.77
2020-11-20,PTT,116.2,116.34,109.94,110.45,877961.0,29.32,1.6,96.97,116.04
2020-11-23,CPALL,69.83,79.55,65.39,67.53,4573624.0,25.48,,308.86,67.56
2020-11-24,CPALL,121.43,125.45,113.24,119.18,6211560.0,14.22,1.38,740.29,104.47
2020-11-25,AOT,130.78,140.66,129.06,131.74,471580.0,,3.69,62.13,132.69
2020-11-26,KBANK,77.74,83.41,70.73,82.85,7529492.0,37.81,6.2,623.82,68.03
2020-11-27,PTT,192.06,198.49,186.47,194.03,7598356.0,38.43,6.79,1474.31,202.37
2020-11-30,SCB,172.66,174.09,167.0,167.75,5849007.0,20.96,3.92,981.17,171.43
2020-12-01,SCB,39.99,49.03,30.64,46.71,9710516.0,11.74,1.85,453.58,34.97
2020-12-02,PTT,82.88,84.41,82.03,82.03,3926983.0,18.63,4.02,322.13,87.63
2020-12-03,CPALL,144.3,144.42,137.04,141.04,1225406.0,27.31,5.04,172.83,136.0
2020-12-04,SCB,103.65,112.75,93.75,96.52,7827913.0,24.52,4.08,,97.96
2020-12-07,SCB,127.84,131.05,119.71,121.49,626383.0,32.24,4.27,76.1,130.78
2020-12-08,KBANK,57.84,61.01,51.36,56.44,9892820.0,5.19,1.11,558.35,55.15
2020-12-09,PTT,181.5,191.32,175.33,180.63,4366938.0,17.83,7.24,788.8,183.42
2020-12-10,KBANK,169.92,175.46,166.67,173.8,6086309.0,14.45,3.95,1057.8,186.71
2020-12-11,SCB,169.49,174.38,166.27,169.53,9725660.0,14.65,6.31,1648.79,177.06
2020-12-14,PTT,163.57,167.83,161.36,167.1,8069770.0,12.38,5.73,1348.46,157.71
2020-12-15,CPALL,53.77,63.0,49.78,61.69,6051384.0,7.06,4.41,373.31,47.77
2020-12-16,CPALL,157.03,160.39,152.15,153.41,1292018.0,14.3,1.89,198.21,150.33
2020-12-17,AOT,179.69,182.03,171.21,180.45,6117607.0,12.31,6.24,1103.92,181.26
2020-12-18,KBANK,187.48,197.13,184.7,195.91,2237615.0,33.0,3.19,,208.13
2020-12-21,KBANK,38.5,46.62,30.07,38.67,5628187.0,28.34,5.02,,27.4
2020-12-22,SCB,61.23,70.21,58.38,65.9,4228588.0,19.26,,278.66,69.17
2020-12-23,SCB,87.88,94.87,85.9,90.4,5454388.0,18.58,6.54,,96.13
2020-12-24,PTT,52.12,53.18,48.74,50.34,107427.0,35.02,7.92,5.41,40.64
2020-12-25,SCB,92.71,97.26,88.49,94.89,2914699.0,25.58,6.65,276.58,83.53
2020-12-28,KBANK,133.59,139.49,130.75,132.61,2265822.0,13.41,7.67,300.47,126.07
2020-12-29,CPALL,189.14,198.02,180.24,197.75,4553316.0,18.94,2.05,900.42,182.82
2020-12-30,CPALL,42.11,42.66,39.7,41.87,8845366.0,34.61,1.82,370.36,31.52
2020-12-31,AOT,116.29,116.97,115.97,115.97,5876816.0,,5.91,681.53,104.65
2021-01-01,SCB,67.14,68.22,62.13,66.26,9278210.0,30.52,5.65,,75.15
2021-01-04,CPALL,175.98,176.48,172.09,176.12,548458.0,33.7,1.88,96.59,172.5
2021-01-05,AOT,73.35,82.62,69.37,75.23,2349758.0,21.46,,176.77,66.52
2021-01-06,AOT,40.24,41.34,37.81,39.7,5671211.0,23.53,5.71,225.15,27.87
2021-01-07,PTT,168.87,175.87,164.86,166.64,2652342.0,27.96,3.81,441.99,160.62
2021-01-08,CPALL,52.68,59.74,52.03,54.18,4821507.0,31.73,7.87,261.23,56.01
2021-01-11,AOT,78.04,87.49,69.17,82.01,9503848.0,9.45,5.22,779.41,85.19
2021-01-12,PTT,54.35,56.3,47.27,48.33,2647363.0,37.31,3.77,127.95,57.53
2021-01-13,AOT,93.67,99.6,88.18,92.53,2647791.0,13.32,7.52,245.0,79.2
2021-01-14,SCB,170.98,180.62,164.3,173.86,,6.62,7.11,1301.37,168.69
2021-01-15,CPALL,82.41,84.17,76.37,77.93,759050.0,27.21,0.73,59.15,81.45
2021-01-18,SCB,83.94,84.69,78.25,84.0,8298094.0,30.75,5.3,697.04,81.57
2021-01-19,KBANK,191.36,192.05,189.19,189.97,4894392.0,37.14,2.38,929.79,177.39
2021-01-20,KBANK,135.34,140.24,127.47,139.87,591426.0,28.64,,82.72,152.54
2021-01-21,AOT,82.29,87.83,74.2,74.46,7645717.0,12.81,1.17,569.3,62.95
2021-01-22,AOT,97.48,104.62,87.54,103.92,218036.0,,5.84,22.66,107.51
2021-01-25,PTT,101.77,108.61,93.47,106.51,2095367.0,8.98,6.03,223.18,95.29
2021-01-26,AOT,115.05,123.02,111.76,119.75,1636114.0,36.39,3.35,195.92,113.32
2021-01-27,AOT,132.62,134.44,125.9,132.03,2160431.0,-99.0,5.11,285.24,128.85
2021-01-28,KBANK,50.12,54.64,46.58,50.87,7016473.0,23.66,4.7,356.93,41.6
2021-01-29,PTT,166.44,169.71,164.13,166.05,8917714.0,37.55,1.81,1480.79,166.71
2021-02-01,PTT,147.03,155.86,144.48,148.22,8144475.0,27.0,1.66,1207.17,155.82
2021-02-02,SCB,140.07,145.64,139.01,140.36,4716116.0,26.72,4.47,,126.94
2021-02-03,KBANK,32.07,32.76,23.96,31.59,5998574.0,37.72,0.85,189.49,27.68
2021-02-04,PTT,139.18,144.95,131.41,141.74,5485528.0,20.87,6.14,777.52,156.48
2021-02-05,AOT,83.68,83.68,82.29,83.22,2149197.0,17.28,2.98,178.86,91.88
2021-02-08,AOT,37.12,43.58,36.35,41.86,2392467.0,14.72,2.67,100.15,44.6
2021-02-09,KBANK,98.8,99.46,96.41,97.88,4010568.0,,7.19,392.55,88.53
2021-02-10,CPALL,146.12,149.18,144.46,144.66,5049029.0,36.38,7.49,730.39,138.54
2021-02-11,KBANK,136.69,136.81,132.15,135.93,8532905.0,7.55,1.0,1159.88,128.74
2021-02-12,PTT,176.45,177.92,169.91,170.85,3486059.0,,1.16,595.59,174.59
2021-02-15,SCB,60.68,63.46,54.88,63.12,7699653.0,19.51,,486.0,73.27
2021-02-16,KBANK,89.79,92.0,86.99,89.77,8264917.0,19.85,1.26,741.94,77.37
2021-02-17,PTT,95.24,103.64,87.34,92.81,5449539.0,14.14,6.33,505.77,83.79
2021-02-18,KBANK,158.53,164.68,155.0,162.49,7419373.0,,2.28,1205.57,176.47
2021-02-19,CPALL,86.84,87.15,86.19,86.56,5616721.0,38.64,5.81,486.18,92.45
2021-02-22,KBANK,165.6,166.5,162.71,164.53,,11.06,0.79,1438.78,167.36
2021-02-23,AOT,122.36,124.13,120.3,121.78,6509164.0,,,792.69,120.03
2021-02-24,PTT,45.72,46.6,36.4,36.75,2187933.0,27.34,6.94,80.41,38.07
2021-02-25,CPALL,182.94,187.67,174.89,186.85,1044959.0,38.45,7.62,195.25,183.08
2021-02-26,KBANK,129.33,133.27,124.7,133.25,8947838.0,18.28,,1192.3,132.59
2021-03-01,PTT,104.66,106.57,104.0,105.82,4731637.0,7.43,4.35,500.7,108.09
2021-03-02,CPALL,120.06,126.29,111.55,125.19,1654198.0,9.49,7.08,207.09,138.44
2021-03-03,KBANK,114.24,116.41,105.36,110.0,1159021.0,36.57,4.91,127.49,99.75
2021-03-04,AOT,154.26,157.76,154.02,156.19,,6.17,3.67,205.2,142.43
2021-03-05,SCB,54.33,62.03,53.86,57.62,1298181.0,,3.4,74.8,49.77
2021-03-08,KBANK,181.96,184.54,174.8,183.33,424953.0,10.81,2.32,77.91,187.09
2021-03-09,KBANK,85.01,87.68,76.04,87.41,3962256.0,29.2,4.57,346.34,82.31
2021-03-10,SCB,135.96,142.51,132.58,136.76,4427694.0,16.9,6.12,605.53,141.15
2021-03-11,CPALL,77.96,81.4,68.77,77.14,8485754.0,15.24,1.83,654.59,88.07
2021-03-12,AOT,168.58,177.91,167.26,167.66,1305953.0,,1.46,218.96,172.61
2021-03-15,PTT,193.42,200.46,187.51,198.44,6383147.0,32.23,2.33,1266.67,200.75
2021-03-16,CPALL,122.8,130.19,117.83,121.95,3243163.0,29.83,,,127.59
2021-03-17,CPALL,55.59,61.44,52.98,56.08,5851538.0,8.18,3.06,328.15,61.97
2021-03-18,PTT,32.14,41.1,22.92,26.86,940555.0,19.79,6.23,25.26,40.3
2021-03-19,AOT,61.85,67.11,60.45,61.93,,22.81,5.89,556.67,74.63
2021-03-22,AOT,116.47,117.92,107.81,114.5,,38.45,2.5,987.99,127.18
2021-03-23,PTT,169.19,176.73,159.56,161.67,6943495.0,,4.65,1122.55,156.38
2021-03-24,KBANK,161.62,163.55,154.86,158.26,8545865.0,37.64,4.07,1352.47,169.96
2021-03-25,SCB,102.77,103.61,102.13,103.39,6884904.0,26.07,0.58,,93.46
2021-03-26,CPALL,113.45,114.34,108.72,112.19,6084431.0,19.83,6.39,682.61,99.9
2021-03-29,CPALL,109.12,118.23,108.0,114.14,4405765.0,24.18,6.58,502.87,120.6
2021-03-30,PTT,62.8,65.82,57.5,64.64,,34.93,5.37,588.73,51.22
2021-03-31,AOT,163.6,164.97,162.68,163.47,4247790.0,15.78,2.85,694.39,169.05
2021-04-01,kbank,72.57,77.05,64.36,67.19,9889570.0,19.74,4.26,664.48,67.23
2021-04-02,CPALL,119.75,127.15,114.42,115.79,7387824.0,14.37,2.5,855.44,119.87
2021-04-05,PTT,53.97,63.2,48.21,52.8,2673009.0,,4.01,141.13,59.11
2021-04-06,SCB,172.66,175.73,163.21,167.18,9102049.0,39.45,0.68,1521.68,160.98
2021-04-07,CPALL,63.8,66.61,58.14,60.62,6071738.0,21.04,6.47,368.07,50.67
2021-04-08,CPALL,157.79,164.86,149.46,161.05,6568324.0,28.65,4.12,1057.83,148.11
2021-04-09,KBANK,66.25,70.32,58.47,64.32,4935498.0,37.13,5.96,317.45,53.21
2021-04-12,KBANK,105.45,111.57,103.81,109.78,331393.0,9.98,0.94,36.38,113.08
2021-04-13,PTT,134.05,138.97,128.93,130.3,6872965.0,22.3,2.51,895.55,137.62
2021-04-14,PTT,97.77,103.25,96.41,100.85,999999999.0,11.25,6.3,,94.42
2021-04-15,CPALL,130.52,131.67,124.04,130.8,3311183.0,18.55,1.91,433.1,133.55
2021-04-16,SCB,78.76,84.77,69.75,81.38,281732.0,-99.0,7.69,22.93,74.92
2021-04-19,CPALL,88.88,94.94,86.08,87.88,9967929.0,16.41,6.9,,81.1
2021-04-20,CPALL,37.56,46.72,28.07,37.46,,18.07,0.93,346.83,37.72
2021-04-21,KBANK,163.56,170.48,163.55,170.47,1170629.0,14.72,3.08,199.56,156.51
2021-04-22,KBANK,153.04,159.14,145.47,157.94,1259552.0,27.82,4.85,198.93,168.46
2021-04-23,SCB,62.7,67.29,54.76,59.16,4639188.0,28.92,,274.45,64.56
2021-04-26,KBANK,139.69,141.65,136.88,137.76,9198384.0,13.98,1.07,1267.17,137.92
2021-04-27,AOT,132.99,133.32,124.02,129.49,6130251.0,9.21,6.8,793.81,117.82
2021-04-28,SCB,172.59,174.78,168.02,171.78,6146828.0,25.92,1.31,1055.9,176.26
2021-04-29,PTT,64.78,73.23,57.33,63.08,999999999.0,,3.89,397.78,53.8
2021-04-30,AOT,55.69,61.31,49.87,54.27,137266.0,15.54,5.5,7.45,57.93
2021-05-03,AOT,168.7,177.07,167.32,169.76,5746549.0,11.64,5.46,975.53,174.69
2021-05-04,PTT,152.44,161.36,146.48,149.34,5903523.0,8.3,4.89,881.63,151.2
2021-05-05,AOT,36.27,40.64,31.61,34.75,8285332.0,33.68,1.06,287.92,31.54
2021-05-06,PTT,89.81,99.03,83.43,88.12,2825077.0,31.1,3.67,248.95,99.93
2021-05-07,KBANK,36.64,38.16,27.9,37.3,1947214.0,9.53,3.49,72.63,34.22
2021-05-10,KBANK,184.99,187.23,175.55,176.67,250751.0,33.34,3.12,44.3,186.75
2021-05-11,AOT,188.1,190.61,178.82,182.65,839581.0,6.42,1.57,153.35,185.59
2021-05-12,PTT,119.24,120.16,111.17,116.44,,31.77,1.5,780.45,103.96
2021-05-13,AOT,103.45,111.38,103.3,106.1,6864101.0,33.09,6.9,728.28,117.75
2021-05-14,PTT,36.29,39.28,31.34,33.15,3134549.0,30.89,2.31,,28.69
2021-05-17,PTT,108.04,114.97,100.91,111.97,408859.0,15.63,3.97,45.78,102.15
2021-05-18,CPALL,137.01,145.87,134.17,136.35,8580801.0,16.3,3.81,1169.99,132.52
2021-05-19,AOT,83.13,92.95,77.08,77.91,5150179.0,8.16,7.21,401.25,77.72
2021-05-20,SCB,123.93,133.47,116.99,129.85,9808860.0,30.82,,1273.68,142.36
2021-05-21,SCB,53.05,57.52,47.67,51.66,2262232.0,21.73,5.45,116.87,40.73
2021-05-24,KBANK,99.37,102.21,96.53,99.73,4014743.0,36.72,4.56,400.39,85.57
2021-05-25,PTT,153.92,160.74,147.93,160.59,721142.0,19.44,3.66,115.81,161.57
2021-05-26,PTT,86.02,93.76,83.44,84.19,3435581.0,36.13,4.91,289.24,97.73
2021-05-27,AOT,164.88,169.26,164.75,167.66,115791.0,13.97,5.5,19.41,152.76
2021-05-28,KBANK,120.37,122.87,116.89,119.77,3318768.0,5.59,2.12,397.49,108.09
2021-05-31,CPALL,38.4,43.39,37.51,43.1,,24.45,4.36,29.01,28.42
2021-06-01,PTT,182.21,186.25,177.26,178.87,5167193.0,14.2,,924.26,164.52
2021-06-02,SCB,179.12,185.51,175.74,180.81,225079.0,,6.17,40.7,170.08
2021-06-03,PTT,97.41,100.52,88.93,93.28,8689525.0,,2.68,810.56,84.26
2021-06-04,AOT,68.16,72.48,58.37,66.11,4075268.0,35.85,5.72,,74.02
2021-06-07,KBANK,161.25,165.83,154.81,157.99,6891120.0,11.99,4.22,1088.73,168.47
2021-06-08,KBANK,190.87,191.67,182.17,188.33,2212979.0,15.26,0.89,416.77,186.28
2021-06-09,PTT,162.48,164.1,160.53,162.16,1619856.0,32.26,1.08,262.68,168.03
2021-06-10,CPALL,173.01,173.4,169.32,172.89,6584863.0,18.15,5.62,1138.46,186.52
2021-06-11,SCB,144.17,146.52,142.08,143.45,8130566.0,15.39,1.79,1166.33,147.61
2021-06-14,CPALL,167.23,177.0,165.87,171.69,610323.0,19.75,5.37,104.79,180.43
2021-06-15,CPALL,83.32,87.72,77.92,83.62,8182958.0,13.37,4.01,684.26,84.05
2021-06-16,PTT,181.28,188.88,178.7,180.25,8352777.0,22.55,4.25,1505.59,183.68
2021-06-17,PTT,112.37,121.58,107.1,110.82,9646523.0,17.02,4.01,1069.03,96.18
2021-06-18,SCB,105.03,108.44,104.92,105.62,3411719.0,11.94,2.41,360.35,111.17
2021-06-21,SCB,174.81,182.07,173.71,176.32,5931447.0,16.94,4.82,1045.83,176.94
2021-06-22,SCB,87.71,94.73,84.32,92.19,3676636.0,6.96,2.95,338.95,91.9
2021-06-23,AOT,41.48,48.44,37.85,44.04,5250762.0,28.11,4.55,231.24,30.18
2021-06-24,SCB,70.41,76.45,64.43,68.54,8283798.0,17.48,5.07,567.77,75.45
2021-06-25,CPALL,118.32,121.09,109.82,114.98,2104840.0,11.27,2.78,242.01,128.61
2021-06-28,SCB,101.56,104.4,97.9,99.9,2543580.0,19.02,4.64,254.1,93.16
2021-06-29,CPALL,155.91,156.23,147.33,154.44,2372485.0,31.29,,,145.86
2021-06-30,AOT,102.25,107.14,100.48,104.89,3647513.0,23.19,4.98,382.59,115.33
2021-07-01,PTT,110.81,120.24,108.63,110.3,4036352.0,32.17,1.38,445.21,106.38
2021-07-02,PTT,121.69,126.04,113.44,117.82,7431155.0,34.83,7.71,875.54,103.76
2021-07-05,CPALL,73.72,76.57,72.83,73.57,3185937.0,39.64,,,78.82
2021-07-06,KBANK,166.14,168.03,163.87,164.39,4957283.0,34.76,1.83,814.93,171.0
2021-07-07,AOT,194.07,202.73,187.24,201.87,2091140.0,13.59,0.51,,208.39
2021-07-08,PTT,30.11,30.38,29.93,30.12,9923967.0,18.36,7.59,298.91,32.35
2021-07-09,SCB,131.94,136.44,130.0,134.92,9359688.0,9.18,,1262.81,130.06
2021-07-12,CPALL,34.05,42.03,27.26,31.56,6267751.0,22.23,7.68,197.81,37.42
2021-07-13,KBANK,153.81,158.41,148.01,155.47,3718174.0,12.37,,578.06,157.1
2021-07-14,PTT,168.83,176.06,165.49,167.33,9772174.0,32.19,2.31,1635.18,167.06
2021-07-15,KBANK,51.38,58.37,44.92,49.11,,12.4,2.73,329.65,39.67
2021-07-16,PTT,105.21,111.79,100.59,102.83,6883312.0,19.64,4.34,707.81,109.0
2021-07-19,PTT,70.27,74.63,60.72,69.99,5767366.0,21.01,5.08,403.66,79.01
2021-07-20,SCB,164.51,168.96,163.56,165.5,3991246.0,19.99,1.37,660.55,158.32
2021-07-21,CPALL,122.84,126.69,113.87,125.47,133845.0,28.31,5.66,16.79,123.71
2021-07-22,SCB,78.11,85.6,69.55,69.92,4074677.0,5.8,2.64,284.9,68.4
2021-07-23,PTT,114.23,116.69,111.47,116.19,8470451.0,37.61,0.74,984.18,130.86
2021-07-26,PTT,78.03,78.99,77.25,77.49,9465814.0,13.63,4.57,733.51,63.31
2021-07-27,SCB,173.14,175.36,167.7,170.41,,25.79,2.22,1315.05,160.98
2021-07-28,PTT,175.76,185.32,167.63,185.25,8379106.0,9.32,7.48,1552.23,170.48
2021-07-29,AOT,118.34,124.42,111.43,115.43,6015364.0,,,694.35,130.13
2021-07-30,PTT,45.23,52.4,38.1,44.93,6083187.0,38.66,7.21,,44.67
2021-08-02,CPALL,198.99,206.06,190.08,199.86,2053716.0,12.53,6.6,,186.34
2021-08-03,SCB,64.95,70.2,59.0,65.79,4872064.0,26.12,3.68,320.53,73.08
2021-08-04,SCB,96.98,98.62,94.18,96.19,7725263.0,29.52,2.7,743.09,93.12
2021-08-05,KBANK,39.34,44.14,34.14,41.34,1470778.0,30.55,2.57,60.8,55.95
2021-08-06,AOT,101.73,106.63,98.37,102.81,,16.5,1.6,263.57,113.19
2021-08-09,CPALL,122.06,127.66,120.1,123.66,7126902.0,31.71,6.3,881.31,134.59
2021-08-10,SCB,144.14,148.85,136.99,143.58,8384229.0,36.21,0.69,1203.81,136.3
2021-08-11,PTT,74.13,79.75,64.66,74.53,993398.0,6.68,,74.04,66.04
2021-08-12,CPALL,175.25,182.01,170.79,171.97,7076931.0,18.22,7.38,1217.02,168.1
2021-08-13,SCB,98.33,100.69,98.17,99.47,6214772.0,21.68,1.21,,92.37
2021-08-16,PTT,174.2,176.96,168.29,171.26,1027547.0,30.86,5.23,175.98,182.55
2021-08-17,KBANK,30.17,35.88,28.97,29.4,953185.0,27.2,3.47,28.02,43.93
2021-08-18,AOT,101.39,103.83,96.52,99.68,2852432.0,28.24,4.95,284.33,94.23
2021-08-19,PTT,41.32,47.98,40.24,44.23,8185942.0,7.57,1.05,362.06,36.84
2021-08-20,KBANK,165.85,173.86,164.6,164.96,3988673.0,10.96,7.16,657.97,173.86
2021-08-23,PTT,130.62,135.8,124.37,126.58,1064121.0,31.23,5.8,134.7,134.96
2021-08-24,AOT,45.45,48.16,43.18,46.22,5464223.0,12.09,0.83,252.56,58.2
2021-08-25,KBANK,36.03,40.11,28.11,39.18,6395820.0,10.96,6.29,250.59,34.72
2021-08-26,PTT,38.51,46.19,31.37,37.44,5505940.0,22.56,2.52,206.14,51.53
2021-08-27,PTT,181.66,185.79,180.99,181.33,6645204.0,35.46,,1204.97,188.68
2021-08-30,PTT,106.14,113.34,98.14,103.77,3097152.0,11.16,5.2,321.39,104.26
2021-08-31,AOT,63.6,65.01,59.08,61.87,5139412.0,15.03,4.38,317.98,61.06
2021-09-01,PTT,117.23,122.54,112.93,114.59,8316473.0,33.67,3.35,952.98,107.09
2021-09-02,AOT,123.58,124.36,123.39,123.47,1882256.0,8.2,7.39,232.4,132.74
2021-09-03,CPALL,187.29,194.4,183.73,184.79,9486147.0,33.53,7.33,1752.95,175.1
2021-09-06,AOT,142.76,148.54,133.3,134.75,7339234.0,20.96,7.89,988.96,136.72
2021-09-07,scb,99.38,100.5,96.16,99.01,,,6.08,781.56,108.95
2021-09-08,AOT,163.79,173.6,161.4,164.91,5578650.0,12.48,7.71,919.98,152.31
2021-09-09,CPALL,76.7,85.77,75.8,78.4,2786088.0,16.98,7.82,218.43,69.13
2021-09-10,SCB,34.63,38.71,25.17,37.49,1765350.0,17.08,4.67,66.18,29.85
2021-09-13,KBANK,64.47,65.33,55.44,64.73,2072359.0,7.27,,134.14,54.99
2021-09-14,SCB,105.01,111.22,101.65,101.86,8902445.0,34.14,,906.8,101.5
2021-09-15,CPALL,31.06,34.37,25.69,28.97,414511.0,8.1,2.39,12.01,17.16
2021-09-16,KBANK,132.45,137.02,129.51,130.19,7395447.0,22.53,3.1,962.81,122.36
2021-09-17,SCB,140.12,149.87,132.03,147.46,3100969.0,13.96,6.46,457.27,160.1
2021-09-20,PTT,198.69,200.59,194.02,194.27,744976.0,26.07,6.15,144.73,181.86
2021-09-21,AOT,176.1,179.42,167.33,175.82,992769.0,12.87,1.87,174.55,164.38
2021-09-22,SCB,192.03,197.37,182.25,194.9,8014300.0,6.68,7.29,1561.99,203.18
2021-09-23,SCB,155.41,158.24,148.57,155.96,3824365.0,5.83,1.21,596.45,146.72
2021-09-24,CPALL,117.15,124.16,112.23,121.87,4627413.0,37.09,4.83,563.94,121.44
2021-09-27,SCB,36.47,40.12,30.63,39.67,3874283.0,13.12,3.15,153.69,35.29
2021-09-28,CPALL,175.84,183.91,165.96,180.45,4031709.0,38.83,1.4,727.52,194.42
2021-09-29,PTT,120.49,120.61,118.28,120.53,9344519.0,32.34,2.27,1126.29,115.12
2021-09-30,CPALL,84.99,88.6,79.56,88.3,9520443.0,29.29,,840.66,80.07
2021-10-01,CPALL,85.68,88.28,76.75,79.53,5424529.0,33.89,0.55,431.41,93.6
2021-10-04,AOT,55.34,58.97,46.78,49.04,428485.0,21.38,2.17,21.01,55.33
2021-10-05,PTT,186.1,188.83,184.09,188.48,6875210.0,21.49,7.66,1295.84,200.76
2021-10-06,KBANK,185.0,194.23,184.18,192.24,8482974.0,14.28,6.31,1630.77,199.35
2021-10-07,SCB,48.95,57.41,48.09,54.24,3823806.0,10.25,1.94,207.4,62.36
2021-10-08,PTT,100.45,104.86,93.12,98.96,7307853.0,37.36,4.28,723.19,108.15
2021-10-11,SCB,109.25,115.39,106.31,113.63,1764007.0,12.61,7.36,200.44,115.46
2021-10-12,KBANK,129.88,136.93,128.63,129.76,368081.0,8.93,1.66,47.76,124.29
2021-10-13,KBANK,199.77,206.41,192.27,204.85,5916147.0,15.73,7.11,1211.92,213.78
2021-10-14,PTT,30.33,37.16,27.78,28.53,9430048.0,24.01,7.15,269.04,40.11
2021-10-15,CPALL,150.72,152.78,141.12,143.3,5234681.0,28.78,,750.13,130.69
2021-10-18,PTT,159.01,164.37,152.46,158.35,,16.63,2.9,1571.55,149.23
2021-10-19,AOT,109.45,110.24,108.82,109.02,654886.0,6.34,,71.4,99.63
2021-10-20,AOT,183.0,186.32,178.52,185.64,2331733.0,30.35,4.61,432.86,186.45
2021-10-21,CPALL,188.26,195.91,182.44,190.09,732187.0,27.18,6.08,,182.86
2021-10-22,PTT,90.78,96.55,85.47,94.35,1525066.0,25.95,1.6,,100.15
2021-10-25,CPALL,195.53,196.15,193.12,195.23,9654427.0,28.42,4.02,1884.83,181.48
2021-10-26,SCB,153.91,163.28,148.25,159.71,3464644.0,6.45,5.94,553.34,150.84
2021-10-27,AOT,177.35,179.01,174.33,178.34,4104976.0,28.12,1.8,732.08,183.8
2021-10-28,PTT,114.66,115.43,109.15,115.11,4245451.0,31.47,5.92,488.69,117.2
2021-10-29,AOT,112.12,116.57,109.23,111.02,3345869.0,13.7,3.31,371.46,105.09
2021-11-01,SCB,198.52,203.63,190.6,196.68,3206969.0,8.9,1.98,630.75,197.58
2021-11-02,AOT,121.38,127.98,114.29,116.29,1424408.0,32.12,5.97,165.64,128.68
2021-11-03,aot,41.63,45.17,35.57,35.72,6198836.0,14.29,4.24,,32.98
2021-11-04,KBANK,44.38,52.18,37.34,39.45,697506.0,15.29,4.47,27.52,31.47
2021-11-05,CPALL,160.85,166.52,151.93,165.84,7763931.0,15.95,7.27,1287.57,158.5
2021-11-08,KBANK,124.62,131.91,122.86,123.94,2322174.0,15.69,5.13,287.81,125.11
2021-11-09,SCB,120.26,129.54,112.81,114.95,7728272.0,14.35,4.6,888.36,104.79
2021-11-10,KBANK,171.22,177.13,168.42,170.11,,16.45,,659.84,161.4
2021-11-11,PTT,70.48,75.29,65.32,69.47,4590973.0,17.57,1.34,318.93,56.54
2021-11-12,KBANK,75.1,76.78,66.77,74.64,5627089.0,32.81,5.99,420.01,85.98
2021-11-15,CPALL,66.57,71.59,58.97,64.85,395550.0,37.38,7.28,25.65,73.22
2021-11-16,AOT,95.51,96.52,90.07,94.33,8512033.0,37.65,7.39,802.94,84.33
2021-11-17,AOT,73.93,82.13,71.45,74.63,483682.0,18.51,2.75,36.1,81.3
2021-11-18,CPALL,71.58,77.54,64.06,68.03,7353850.0,37.59,4.02,500.28,59.03
2021-11-19,CPALL,185.03,193.61,175.23,188.07,,12.62,1.1,19.24,177.04
2021-11-22,PTT,191.98,195.97,188.97,189.69,3428709.0,,7.85,650.39,181.56
2021-11-23,SCB,37.78,45.29,36.35,41.75,8726903.0,6.71,3.57,364.35,49.23
2021-11-24,AOT,184.23,189.26,179.75,182.78,,20.1,6.71,1768.99,173.59
2021-11-25,PTT,131.27,137.55,124.99,128.16,944401.0,32.84,4.74,121.03,134.29
2021-11-26,CPALL,79.85,83.77,76.96,80.3,5665850.0,7.49,4.37,454.97,74.44
2021-11-29,CPALL,172.2,182.07,165.63,170.02,4889703.0,7.48,7.9,831.35,180.94
2021-11-30,PTT,199.09,206.47,198.49,205.93,2450730.0,,1.94,504.68,214.22
2021-12-01,SCB,144.8,147.78,142.14,143.39,9437768.0,24.15,5.86,1353.28,131.85
2021-12-02,KBANK,50.84,58.49,46.64,57.98,7258293.0,22.26,0.86,420.84,52.33
2021-12-03,CPALL,55.04,63.81,54.01,54.23,4699915.0,10.01,4.1,254.88,56.72
2021-12-06,SCB,146.88,148.41,137.08,137.92,9692591.0,28.24,0.56,1336.8,127.97
2021-12-07,AOT,114.86,124.68,105.22,111.7,6335271.0,39.95,0.97,707.65,120.13
2021-12-08,SCB,63.3,67.04,61.78,65.72,,23.98,8.0,627.83,65.95
2021-12-09,KBANK,168.53,173.24,164.22,172.06,771723.0,17.63,5.8,132.78,162.86
2021-12-10,AOT,45.47,46.74,39.38,43.16,8243445.0,22.02,1.77,355.79,46.52
2021-12-13,KBANK,171.84,174.33,165.97,167.42,8308566.0,9.02,1.99,1391.02,171.29
2021-12-14,SCB,107.73,114.96,106.78,108.21,6982050.0,7.82,5.73,755.53,103.24
2021-12-15,CPALL,64.41,68.06,63.39,64.14,5625241.0,17.74,,360.8,66.64
2021-12-16,PTT,139.78,144.75,135.49,140.86,999999999.0,20.46,0.92,557.97,149.59
2021-12-17,AOT,152.2,161.38,142.4,148.84,832335.0,15.44,5.2,,154.4
2021-12-20,PTT,195.35,202.25,191.92,197.04,4296464.0,,2.12,846.58,207.76
2021-12-21,CPALL,188.27,191.9,178.94,187.64,3413602.0,11.44,7.46,640.53,182.91
2021-12-22,SCB,192.43,197.02,186.31,189.73,775089.0,23.53,2.42,147.06,198.92
2021-12-23,CPALL,179.91,183.19,178.97,179.32,2857944.0,24.67,1.26,512.49,185.39
2021-12-24,PTT,85.65,88.43,77.9,87.86,854424.0,39.65,4.61,75.07,86.1
2021-12-27,KBANK,111.87,114.28,108.26,108.76,523590.0,7.85,2.87,56.95,104.54
2021-12-28,PTT,95.78,99.82,90.68,90.92,999999999.0,14.92,,173.46,79.82
2021-12-29,CPALL,58.12,63.28,56.15,57.48,8583338.0,14.61,6.29,493.37,70.59
2021-12-30,AOT,180.19,188.35,173.69,178.55,842613.0,,4.45,150.45,176.93
2021-12-31,SCB,58.11,58.96,52.32,52.33,9144164.0,12.57,1.6,478.51,60.49
2022-01-03,SCB,146.67,147.65,140.97,144.83,2324016.0,29.04,7.08,336.59,153.73
2022-01-04,PTT,148.8,157.39,148.79,157.07,9937437.0,23.88,,,158.16
2022-01-05,PTT,62.09,71.13,53.22,64.76,959045.0,39.42,0.78,62.11,77.06
2022-01-06,AOT,61.87,63.23,57.38,60.88,5281405.0,19.01,1.73,321.53,53.24
2022-01-07,PTT,196.55,200.35,192.93,194.22,4627545.0,,3.49,,199.13
2022-01-10,CPALL,73.6,76.83,65.36,65.71,3364650.0,34.43,7.5,221.09,61.24
2022-01-11,PTT,41.7,49.58,40.65,42.12,5017489.0,23.31,6.76,211.34,46.55
2022-01-12,CPALL,78.19,80.09,75.18,79.49,896761.0,23.06,5.16,71.28,85.18
2022-01-13,AOT,151.18,158.32,146.27,151.22,7378936.0,17.98,7.75,1115.84,151.56
2022-01-14,CPALL,88.86,89.93,87.13,87.4,,10.42,,798.61,100.02
2022-01-17,CPALL,57.39,60.66,56.49,58.35,7600589.0,-99.0,5.39,443.49,45.32
2022-01-18,CPALL,104.42,107.8,100.35,106.13,618600.0,37.23,2.1,65.65,118.74
2022-01-19,CPALL,78.52,81.99,75.49,75.92,,23.2,3.42,682.34,90.54
2022-01-20,CPALL,31.04,34.56,27.92,33.65,1031924.0,37.89,6.88,34.72,32.81
2022-01-21,CPALL,189.28,192.96,181.84,182.42,2047898.0,19.9,6.77,373.58,185.09
2022-01-24,PTT,140.73,140.77,137.44,139.69,7576635.0,29.37,3.52,1058.38,128.51
2022-01-25,KBANK,109.74,109.79,101.32,107.81,1480529.0,31.24,4.93,159.62,121.79
2022-01-26,SCB,87.94,89.97,81.44,82.18,6470480.0,26.05,7.59,531.74,83.72
2022-01-27,CPALL,168.88,171.57,164.39,164.49,4323780.0,11.09,2.88,711.22,163.43
2022-01-28,SCB,67.2,74.79,57.61,66.25,3113426.0,,6.45,206.26,67.51
2022-01-31,CPALL,121.71,130.09,119.49,120.21,603473.0,,6.75,72.54,120.0
2022-02-01,SCB,162.07,163.45,152.85,163.05,6261664.0,30.07,3.58,1020.96,151.97
2022-02-02,PTT,83.37,84.43,73.92,74.64,316664.0,19.28,3.51,23.64,84.46
2022-02-03,SCB,126.81,133.14,125.4,131.1,6360829.0,19.22,1.8,833.9,135.74
2022-02-04,SCB,172.47,177.55,166.77,175.11,3247382.0,17.86,6.16,568.65,188.94
2022-02-07,KBANK,142.09,143.25,134.2,136.78,1954045.0,21.69,4.98,267.27,148.96
2022-02-08,AOT,175.7,182.72,167.3,180.23,1900145.0,,6.58,342.46,168.7
2022-02-09,KBANK,36.7,40.58,32.27,35.03,3771611.0,5.74,6.17,132.12,46.83
2022-02-10,KBANK,103.01,104.31,100.17,104.21,8139144.0,13.88,5.82,848.18,118.72
2022-02-11,AOT,121.12,130.25,114.1,126.83,243888.0,25.11,1.29,30.93,136.97
2022-02-14,KBANK,100.55,102.46,94.7,96.62,3542794.0,7.26,7.86,342.3,94.95
2022-02-15,KBANK,123.25,129.4,117.6,127.82,5171529.0,14.3,2.4,661.02,139.56
2022-02-16,CPALL,116.25,124.34,116.07,118.2,8291498.0,39.07,0.5,,129.93
2022-02-17,KBANK,119.33,121.75,111.19,112.21,3921170.0,39.0,6.51,439.99,103.16
2022-02-18,SCB,115.91,121.36,111.89,119.96,7029397.0,9.69,4.65,843.25,120.44
2022-02-21,CPALL,162.81,169.0,155.97,156.35,3440554.0,18.96,5.81,537.93,158.6
2022-02-22,KBANK,85.86,95.52,80.11,92.37,5716945.0,26.94,3.8,528.07,86.45
2022-02-23,SCB,118.28,125.02,115.32,115.98,2900212.0,16.08,7.46,336.37,109.77
2022-02-24,cpall,82.01,91.78,78.85,89.63,7929459.0,5.92,4.15,710.72,79.8
2022-02-25,AOT,110.73,120.33,105.42,110.42,8255876.0,22.82,,911.61,110.92
2022-02-28,PTT,98.17,108.01,91.11,93.24,7192205.0,17.85,,670.6,92.15
2022-03-01,CPALL,190.1,197.21,186.44,194.09,,29.46,4.81,887.76,199.26
2022-03-02,SCB,34.0,39.32,31.73,38.76,5770606.0,22.26,4.84,223.67,36.62
2022-03-03,KBANK,139.22,141.46,134.36,141.25,5396306.0,36.24,3.38,762.23,135.24
2022-03-04,KBANK,113.1,115.12,112.26,112.99,,22.26,7.41,,104.99
2022-03-07,SCB,84.56,92.37,80.78,92.02,2240836.0,19.95,6.67,206.2,95.63
2022-03-08,AOT,107.14,110.76,100.42,101.15,8647897.0,36.29,7.62,874.73,114.1
2022-03-09,CPALL,140.92,146.58,134.08,137.58,2632672.0,,5.7,362.2,144.78
2022-03-10,CPALL,93.03,94.07,92.68,93.14,4838041.0,5.85,4.21,450.62,83.53
2022-03-11,SCB,87.73,92.01,78.08,87.88,9420548.0,6.65,1.46,827.88,96.02
2022-03-14,KBANK,43.6,51.51,37.97,44.63,6257158.0,17.9,1.26,279.26,30.95
2022-03-15,PTT,194.87,203.56,194.83,198.18,8189819.0,16.41,4.27,1623.06,208.23
2022-03-16,PTT,168.11,171.48,159.76,168.29,4409586.0,5.99,1.2,742.09,158.38
2022-03-17,KBANK,134.75,142.62,128.44,140.9,2011333.0,36.26,,283.4,139.91
2022-03-18,CPALL,89.63,96.45,89.03,90.32,4677489.0,-99.0,6.45,422.47,100.53
2022-03-21,CPALL,58.58,65.85,54.5,61.32,128304.0,,7.0,7.87,56.16
2022-03-22,KBANK,60.11,64.62,55.26,61.64,7230724.0,22.28,5.97,445.7,71.95
2022-03-23,CPALL,149.05,158.67,140.43,144.85,768774.0,37.45,4.52,111.36,150.11
2022-03-24,KBANK,65.21,70.17,60.33,67.52,6785269.0,27.48,7.33,458.14,54.76
2022-03-25,PTT,177.66,183.01,175.51,182.52,2210979.0,7.46,6.55,403.55,181.73
2022-03-28,AOT,48.36,55.77,40.9,50.33,4387619.0,13.01,2.16,220.83,48.83
2022-03-29,CPALL,96.11,96.68,92.85,95.86,9497852.0,,3.26,910.46,110.58
2022-03-30,PTT,75.16,83.43,73.18,79.53,3349054.0,6.21,2.05,266.35,71.5
2022-03-31,CPALL,115.76,119.73,107.76,116.39,,28.66,7.48,,125.32
2022-04-01,ptt,183.05,183.9,174.62,182.64,6959282.0,39.2,5.57,1271.04,184.09
2022-04-04,SCB,55.24,62.02,50.4,54.91,777766.0,16.85,,42.71,47.92
2022-04-05,aot,140.81,145.28,138.7,141.79,3151753.0,,5.06,446.89,128.59
2022-04-06,KBANK,88.43,92.4,81.32,89.91,4621746.0,,5.48,415.54,82.03
2022-04-07,KBANK,127.13,136.8,121.5,132.06,,25.18,6.84,850.43,128.71
2022-04-08,PTT,172.18,173.24,164.46,172.57,7136355.0,27.12,5.65,1231.52,187.15
2022-04-11,PTT,60.78,63.18,51.21,54.38,7946091.0,24.63,5.51,432.11,59.95
2022-04-12,KBANK,130.32,131.51,122.09,126.82,1005529.0,5.89,5.55,,113.04
2022-04-13,AOT,54.7,61.73,46.48,58.77,4550197.0,38.54,0.56,267.42,46.49
2022-04-14,AOT,131.17,138.13,121.46,124.6,1322120.0,27.85,6.03,164.74,136.33
2022-04-15,AOT,60.74,68.42,51.53,65.28,4499533.0,24.11,7.25,293.73,59.15
2022-04-18,CPALL,133.39,135.84,129.39,130.12,7375363.0,11.6,2.58,959.68,142.15
2022-04-19,SCB,87.04,89.48,84.22,88.15,2141929.0,37.43,2.99,188.81,88.06
2022-04-20,KBANK,113.31,117.74,113.2,114.72,391591.0,30.54,1.75,44.92,129.6
2022-04-21,SCB,41.47,44.25,32.75,37.06,6093828.0,,3.33,225.84,45.7
2022-04-22,AOT,49.92,51.1,42.35,43.67,,33.82,7.52,353.11,47.64
2022-04-25,cpall,158.44,163.3,148.99,150.75,,26.72,4.89,835.82,159.38
2022-04-26,CPALL,170.74,179.76,163.95,166.78,7991140.0,,1.25,1332.76,167.52
2022-04-27,KBANK,120.81,123.67,111.01,112.55,5746898.0,34.85,7.94,,126.22
2022-04-28,SCB,192.81,197.46,187.27,189.62,5337693.0,24.89,4.87,1012.13,202.06
2022-04-29,PTT,105.58,108.8,100.08,100.09,3408513.0,6.58,6.97,341.16,89.68
2022-05-02,CPALL,109.2,111.57,104.77,111.04,5159512.0,10.44,5.98,,118.32
2022-05-03,PTT,54.32,63.11,45.37,61.05,8981213.0,5.79,0.88,548.3,53.64
2022-05-04,PTT,94.01,102.04,91.58,95.33,,31.43,7.1,920.18,86.71
2022-05-05,PTT,104.33,110.67,97.16,100.88,3149806.0,16.84,7.93,317.75,94.74
2022-05-06,CPALL,168.93,169.01,166.19,168.88,,11.45,4.23,1036.59,158.89
2022-05-09,CPALL,187.8,195.76,180.31,193.93,8941945.0,26.13,2.72,1734.11,206.77
2022-05-10,SCB,151.68,153.56,141.86,150.49,6393467.0,15.78,6.17,962.15,151.43
2022-05-11,KBANK,105.12,106.95,100.2,100.48,2829485.0,36.22,4.44,284.31,97.31
2022-05-12,AOT,178.82,187.48,171.4,174.15,3813091.0,9.23,,664.05,170.66
2022-05-13,CPALL,107.37,110.25,103.87,108.8,2573612.0,,1.52,280.01,115.03
2022-05-16,AOT,53.39,61.1,46.53,49.69,7581296.0,8.54,3.82,376.71,64.2
2022-05-17,AOT,79.34,81.72,79.03,79.92,4027384.0,30.35,7.02,321.87,75.28
2022-05-18,ptt,139.68,146.54,130.7,141.61,7832304.0,32.73,6.12,1109.13,136.09
2022-05-19,KBANK,103.28,104.65,102.12,104.53,4695926.0,,6.95,490.87,115.02
2022-05-20,KBANK,62.7,64.38,54.97,64.09,6267772.0,31.2,7.19,401.7,61.61
2022-05-23,AOT,43.76,53.45,34.05,42.0,1858068.0,30.78,4.6,78.04,51.14
2022-05-24,SCB,150.45,150.74,146.8,148.53,5329447.0,9.3,6.87,791.58,156.0
2022-05-25,CPALL,64.06,66.19,63.56,63.87,618399.0,39.16,4.6,39.5,54.01
2022-05-26,SCB,157.73,159.41,151.04,153.17,3503360.0,,1.47,536.61,157.86
2022-05-27,KBANK,104.03,106.81,96.31,105.06,4627928.0,13.54,5.42,486.21,91.56
2022-05-30,CPALL,96.66,102.83,88.05,92.11,1460373.0,18.53,1.7,134.51,91.97
2022-05-31,CPALL,73.17,81.27,63.58,72.15,881498.0,21.97,1.51,63.6,82.25
2022-06-01,SCB,124.4,126.65,117.65,121.51,6066249.0,36.51,1.28,,106.99
2022-06-02,PTT,57.67,58.83,51.06,57.77,4635335.0,35.33,2.29,267.78,59.11
2022-06-03,CPALL,125.31,128.57,120.14,124.89,5113909.0,30.16,1.95,638.68,122.56
2022-06-06,KBANK,185.36,189.02,182.89,184.22,8014314.0,39.8,,1476.4,197.28
2022-06-07,AOT,157.67,162.42,152.31,161.79,,33.43,5.33,503.93,163.55
2022-06-08,AOT,155.42,163.6,151.72,158.13,3162753.0,34.82,7.01,500.13,157.03
2022-06-09,CPALL,169.68,176.94,161.35,165.33,1417139.0,,7.44,234.3,176.94
2022-06-10,AOT,145.17,146.68,141.54,145.1,6117054.0,38.68,2.02,887.58,138.68
2022-06-13,SCB,50.2,53.5,40.82,44.65,1566661.0,16.82,4.84,69.95,46.73
2022-06-14,AOT,135.89,144.31,130.55,134.58,6455088.0,36.8,6.55,868.73,141.41
2022-06-15,AOT,190.47,198.31,181.17,185.95,8951671.0,22.16,5.6,1664.56,182.9
2022-06-16,SCB,133.35,141.69,129.84,136.13,3749051.0,28.94,6.74,510.36,143.95
2022-06-17,SCB,99.38,105.81,92.79,102.65,,12.85,1.18,478.77,101.6
2022-06-20,SCB,42.9,50.09,40.84,49.98,1442106.0,31.61,2.58,72.08,35.74
2022-06-21,AOT,169.98,174.12,167.27,169.24,1417441.0,37.51,2.22,239.89,169.38
2022-06-22,KBANK,52.92,59.64,44.26,53.96,6301942.0,21.16,6.39,340.05,58.59
2022-06-23,CPALL,144.4,151.71,143.38,143.94,8376823.0,10.21,1.77,1205.76,140.0
2022-06-24,CPALL,47.54,56.47,43.28,51.97,6684320.0,24.86,5.62,347.38,59.38
2022-06-27,CPALL,89.66,96.99,81.65,81.87,9650066.0,8.01,1.76,790.05,78.66
2022-06-28,CPALL,137.97,147.09,129.24,135.43,2416014.0,9.09,4.67,,133.16
2022-06-29,AOT,41.92,48.69,34.42,35.98,2751087.0,26.74,,98.98,33.2
2022-06-30,KBANK,183.54,189.03,176.29,184.12,999999999.0,24.04,2.98,723.61,175.64
2022-07-01,CPALL,52.91,58.43,49.36,52.71,4944032.0,,6.38,260.6,41.55
2022-07-04,CPALL,116.93,117.57,113.35,117.1,7814385.0,26.13,7.67,915.06,126.76
2022-07-05,KBANK,165.08,168.0,158.79,160.19,3769402.0,25.17,4.22,603.82,168.12
2022-07-06,SCB,30.41,35.84,23.36,29.94,,32.26,1.52,288.58,26.66
2022-07-07,CPALL,85.86,93.86,81.64,86.64,8122314.0,7.94,7.2,703.72,99.28
2022-07-08,PTT,71.0,76.97,69.5,72.7,3967834.0,20.68,1.5,288.46,76.13
2022-07-11,CPALL,162.68,168.67,157.66,168.17,8950705.0,37.54,5.14,1505.24,167.54
2022-07-12,CPALL,113.7,123.45,112.75,116.36,1402948.0,15.22,4.87,163.25,117.14
2022-07-13,CPALL,152.11,159.02,146.39,152.08,4311101.0,,3.67,655.63,154.53
2022-07-14,CPALL,66.99,67.36,62.86,66.77,976077.0,6.86,0.87,65.17,73.38
2022-07-15,PTT,168.99,176.18,159.53,168.14,3411868.0,,3.84,573.67,158.25
2022-07-18,SCB,75.19,83.5,65.29,69.54,2393795.0,24.54,7.05,,60.82
2022-07-19,KBANK,187.41,195.37,185.58,187.01,939962.0,20.34,6.77,175.78,188.28
2022-07-20,SCB,100.11,106.35,95.59,99.33,1519560.0,33.19,4.41,150.94,86.48
2022-07-21,PTT,40.94,46.32,38.15,38.58,5902772.0,30.18,3.83,,44.71
2022-07-22,PTT,66.25,74.33,62.6,73.58,9854972.0,16.13,4.9,725.13,76.92
2022-07-25,SCB,85.36,88.58,79.35,84.41,1587895.0,35.21,6.31,134.03,74.61
2022-07-26,AOT,166.24,171.2,161.58,162.81,5437219.0,17.18,3.19,885.23,166.93
2022-07-27,KBANK,176.85,177.29,168.29,173.37,9082500.0,36.26,1.99,1574.63,166.73
2022-07-28,KBANK,60.71,61.58,52.59,53.57,2238679.0,33.15,7.22,119.93,57.87
2022-07-29,KBANK,80.1,85.85,72.21,84.72,3980899.0,9.8,4.12,337.26,92.86
2022-08-01,CPALL,40.74,43.69,31.73,39.69,1775993.0,34.24,6.45,70.49,50.1
2022-08-02,KBANK,165.77,171.06,163.97,166.3,4980377.0,7.89,5.86,828.24,161.63
2022-08-03,AOT,65.28,65.44,60.94,64.7,4296475.0,7.61,3.69,277.98,56.46
2022-08-04,SCB,148.83,153.49,144.01,145.6,6500478.0,33.82,3.51,946.47,139.5
2022-08-05,CPALL,72.04,76.66,67.52,70.75,8807974.0,26.33,7.96,623.16,69.92
2022-08-08,cpall,117.64,122.07,108.26,116.12,3725927.0,,0.76,432.65,111.13
2022-08-09,KBANK,60.28,68.49,55.01,63.53,7512480.0,11.48,4.13,477.27,55.91
2022-08-10,AOT,45.79,50.05,36.21,42.06,1563208.0,12.62,,65.75,43.8
2022-08-11,CPALL,52.9,56.68,51.88,52.91,4683123.0,18.71,2.89,,64.25
2022-08-12,SCB,41.73,47.24,38.07,43.7,2857353.0,22.01,2.78,124.87,41.74
2022-08-15,SCB,121.21,123.24,119.79,122.19,,32.27,4.21,485.56,122.61
2022-08-16,SCB,72.24,79.56,69.4,75.75,3593888.0,5.05,4.89,272.24,77.86
2022-08-17,KBANK,158.88,160.48,155.82,157.78,7046931.0,24.3,,1111.86,165.83
2022-08-18,SCB,39.03,39.62,33.74,37.68,4321024.0,34.07,1.61,162.82,47.83
2022-08-19,CPALL,176.59,180.95,173.49,178.38,2311364.0,,5.08,412.3,165.11
2022-08-22,CPALL,101.24,106.91,91.54,106.34,938281.0,17.46,5.85,,106.17
2022-08-23,KBANK,154.13,163.55,148.25,153.89,4703239.0,30.67,3.6,723.78,153.7
2022-08-24,AOT,167.15,167.5,157.64,159.39,6870750.0,33.32,2.51,1095.13,163.17
2022-08-25,KBANK,50.96,55.37,50.87,51.27,5964642.0,8.47,3.38,305.81,54.61
2022-08-26,AOT,179.31,180.33,177.56,179.21,7758259.0,,,1390.36,185.71
2022-08-29,AOT,149.68,154.87,146.07,153.79,949932.0,21.3,4.98,146.09,168.5
2022-08-30,AOT,89.93,91.18,80.65,83.3,,23.65,6.33,125.37,92.93
2022-08-31,CPALL,42.84,49.82,35.99,43.13,936310.0,39.82,1.73,40.38,57.93
2022-09-01,KBANK,109.42,114.37,100.67,105.03,7779035.0,32.83,2.88,817.03,91.94
2022-09-02,KBANK,127.81,130.99,124.38,129.61,5742868.0,21.26,4.22,744.33,140.11
2022-09-05,CPALL,169.68,169.91,165.21,168.18,4049856.0,24.31,,681.1,156.51
2022-09-06,SCB,158.74,161.63,157.25,159.45,9140117.0,33.08,,1457.39,149.72
2022-09-07,AOT,91.27,98.89,89.17,95.35,4725339.0,5.26,3.81,450.56,93.12
2022-09-08,PTT,87.83,95.86,80.5,82.53,8457461.0,5.01,5.81,697.99,68.19
2022-09-09,KBANK,60.28,63.08,57.04,57.73,4317172.0,15.33,3.64,249.23,67.61
2022-09-12,SCB,106.65,115.37,98.63,103.93,6807750.0,35.44,2.69,707.53,97.85
2022-09-13,KBANK,166.17,172.04,158.89,167.72,2898014.0,16.85,5.11,486.05,177.44
2022-09-14,KBANK,155.33,164.47,147.86,161.69,9319918.0,12.97,,,163.63
2022-09-15,SCB,67.05,73.2,60.91,70.72,7278873.0,11.96,0.54,514.76,63.9
2022-09-16,AOT,145.05,153.42,136.24,151.92,176242.0,11.0,5.78,26.77,156.64
2022-09-19,KBANK,67.71,74.5,60.2,68.65,2980659.0,23.08,2.97,204.62,82.46
2022-09-20,KBANK,144.3,144.74,143.87,144.61,9524251.0,37.99,7.04,1377.3,138.01
2022-09-21,AOT,181.08,189.76,175.74,176.62,5217263.0,15.83,6.88,921.47,162.96
2022-09-22,AOT,158.24,165.03,156.9,162.01,1724445.0,39.37,1.75,279.38,161.2
2022-09-23,CPALL,50.94,52.18,47.12,47.14,3964624.0,21.23,2.86,186.89,56.98
2022-09-26,AOT,137.66,139.81,130.29,134.77,5673746.0,7.17,6.59,764.65,134.62
2022-09-27,SCB,198.15,206.53,196.02,198.73,5217783.0,21.02,6.95,1036.93,213.61
2022-09-28,KBANK,73.77,80.05,73.2,75.41,2647079.0,39.01,1.14,199.62,66.51
2022-09-29,CPALL,161.19,164.07,152.09,157.77,9922263.0,19.91,3.19,,157.84
2022-09-30,SCB,155.62,156.56,148.15,149.7,8335267.0,37.69,5.89,1247.79,138.82
2022-10-03,CPALL,77.18,82.32,72.03,75.18,8731889.0,22.39,0.73,656.46,87.49
2022-10-04,PTT,120.53,128.5,112.73,124.41,9467651.0,32.76,6.05,1177.87,138.74
2022-10-05,CPALL,89.28,98.02,80.7,80.75,5087530.0,16.44,6.54,410.82,73.76
2022-10-06,AOT,187.66,192.62,180.51,186.79,3960106.0,30.43,4.3,739.71,198.14
2022-10-07,KBANK,71.64,81.62,68.6,78.72,5480269.0,13.94,2.03,431.41,78.16
2022-10-10,PTT,55.04,60.68,50.72,57.41,4050736.0,8.85,6.27,232.55,62.66
2022-10-11,KBANK,119.77,123.26,113.94,114.96,3287965.0,28.85,7.98,377.98,121.56
2022-10-12,KBANK,74.26,77.09,70.6,73.84,594553.0,28.74,6.2,43.9,69.69
2022-10-13,KBANK,171.63,177.17,169.13,175.09,5108023.0,14.65,5.26,894.36,180.19
2022-10-14,SCB,76.9,77.23,73.81,74.29,4670020.0,25.69,7.63,346.94,63.61
2022-10-17,KBANK,129.43,135.75,128.07,130.93,1567515.0,34.18,3.94,205.23,144.96
2022-10-18,CPALL,176.7,177.44,171.31,175.18,1750660.0,13.48,,306.68,179.22
2022-10-19,CPALL,74.23,77.45,67.32,70.63,4569276.0,39.98,,322.73,80.44
2022-10-20,AOT,129.42,131.5,122.4,127.01,4894790.0,32.76,5.84,621.69,139.72
2022-10-21,PTT,61.07,70.95,53.41,55.2,7425358.0,18.07,4.23,,47.91
2022-10-24,CPALL,132.15,135.54,123.94,135.14,7704118.0,24.26,5.57,1041.13,145.45
2022-10-25,PTT,75.6,77.34,72.7,74.56,6319075.0,27.62,6.32,471.15,78.25
2022-10-26,SCB,113.29,116.78,106.22,115.72,7767312.0,36.15,4.38,898.83,118.47
2022-10-27,CPALL,40.49,49.42,35.98,39.36,8664432.0,12.25,6.18,341.03,28.41
2022-10-28,KBANK,164.61,171.0,158.56,163.07,5124664.0,,4.28,835.68,162.97
2022-10-31,PTT,35.26,36.22,33.41,34.05,1824226.0,22.81,,62.11,46.43
2022-11-01,SCB,150.82,152.79,149.4,151.07,5268527.0,18.55,,795.92,144.51
2022-11-02,cpall,49.37,51.17,44.49,49.19,6364210.0,,6.39,313.06,61.6
2022-11-03,SCB,58.61,67.75,58.41,59.17,534510.0,,1.97,31.63,52.79
2022-11-04,KBANK,173.01,180.7,166.05,177.48,3195585.0,27.19,6.65,567.15,191.88
2022-11-07,SCB,101.31,105.69,100.04,101.62,5155954.0,18.92,1.28,523.95,98.45
2022-11-08,KBANK,187.5,191.35,181.88,186.6,3968180.0,36.78,1.37,740.46,179.82
2022-11-09,KBANK,152.84,160.25,146.88,156.25,696385.0,19.17,,108.81,162.12
2022-11-10,SCB,152.97,156.08,151.37,152.93,6753339.0,26.81,3.88,1032.79,160.69
2022-11-11,KBANK,108.38,111.62,100.33,110.57,1718071.0,5.14,2.6,189.97,103.22
2022-11-14,SCB,43.14,52.49,40.68,51.68,9281440.0,19.88,3.22,479.66,58.22
2022-11-15,PTT,85.47,88.02,77.83,82.27,147772.0,39.27,3.82,12.16,92.85
2022-11-16,PTT,103.02,111.52,94.7,100.28,4820933.0,9.24,5.21,,96.61
2022-11-17,PTT,48.37,49.03,38.45,39.48,4273152.0,22.46,3.26,168.7,29.15
2022-11-18,KBANK,76.84,79.44,67.73,75.04,,9.78,4.32,534.94,77.16
2022-11-21,AOT,141.73,144.52,138.94,144.48,673156.0,22.81,2.75,97.26,136.27
2022-11-22,CPALL,183.3,187.41,174.8,178.2,8100665.0,29.79,5.49,1443.54,190.79
2022-11-23,SCB,163.42,166.56,155.14,161.32,4643904.0,27.65,5.97,749.15,150.14
2022-11-24,PTT,108.83,113.46,102.55,104.47,6777179.0,10.43,3.9,708.01,91.91
2022-11-25,PTT,106.29,109.36,105.4,108.68,7625445.0,18.78,7.47,828.73,110.37
2022-11-28,SCB,163.74,171.91,155.41,156.73,9886251.0,10.25,1.8,1549.47,152.79
2022-11-29,PTT,157.43,159.4,157.23,159.16,3974674.0,25.05,6.96,632.61,144.51
2022-11-30,AOT,192.48,200.22,184.17,187.67,1627750.0,20.29,2.28,305.48,176.69
2022-12-01,AOT,174.9,176.47,171.64,175.77,3207882.0,,6.49,563.85,180.18
2022-12-02,AOT,153.72,159.43,148.67,154.6,8004140.0,37.93,7.58,1237.44,145.82
2022-12-05,CPALL,147.95,151.01,146.62,149.75,8355919.0,31.04,4.31,1251.3,144.52
2022-12-06,PTT,149.12,158.77,147.8,148.59,3286958.0,20.69,5.29,488.41,142.06
2022-12-07,PTT,112.74,122.74,107.65,108.2,2385483.0,7.52,6.36,258.11,95.95
2022-12-08,SCB,96.41,97.82,95.16,97.48,9451907.0,22.95,3.58,,97.82
2022-12-09,PTT,177.56,179.85,169.56,173.92,6092443.0,13.63,5.44,1059.6,176.76
2022-12-12,SCB,67.57,70.57,61.85,62.14,3784673.0,5.01,5.42,235.18,73.93
2022-12-13,PTT,66.02,73.3,61.02,69.63,4970598.0,10.02,4.3,,82.59
2022-12-14,SCB,61.85,67.14,60.49,66.81,6480257.0,6.27,0.68,432.95,79.37
2022-12-15,CPALL,56.95,62.7,52.85,61.63,6742481.0,9.12,1.18,415.54,58.98
2022-12-16,AOT,47.84,55.07,43.97,54.94,6299366.0,24.36,3.72,346.09,56.16
2022-12-19,PTT,137.63,142.37,137.24,142.09,1410274.0,35.49,7.67,200.39,149.6
2022-12-20,SCB,115.08,117.0,105.87,107.78,858515.0,21.12,5.26,92.53,113.06
2022-12-21,PTT,110.91,112.49,102.21,108.69,556876.0,20.53,7.55,60.53,121.51
2022-12-22,PTT,140.77,148.97,135.92,146.26,5725834.0,21.24,1.79,837.46,145.91
2022-12-23,SCB,42.1,42.78,39.0,40.79,5240107.0,19.76,4.56,213.74,27.22
2022-12-26,KBANK,71.43,74.74,69.83,69.87,5105057.0,17.61,6.15,356.69,56.76
2022-12-27,SCB,148.61,149.65,138.81,147.23,,28.4,5.77,843.12,136.87
2022-12-28,CPALL,32.45,33.98,29.86,33.12,102322.0,17.04,3.37,3.39,36.99
2022-12-29,AOT,144.49,153.44,139.91,140.33,1759833.0,13.35,4.64,,132.78
2022-12-30,PTT,32.04,36.23,30.22,34.42,3907137.0,7.68,6.34,134.48,43.45
2023-01-02,CPALL,110.07,117.96,109.31,112.11,1673399.0,37.24,5.84,187.6,106.35
2023-01-03,CPALL,102.14,105.67,99.04,104.59,1116097.0,28.43,2.92,116.73,116.55
2023-01-04,AOT,44.54,51.66,39.32,49.11,8804016.0,10.96,2.86,432.37,37.67
2023-01-05,PTT,132.36,134.89,127.28,133.51,4663967.0,29.06,1.12,622.69,132.01
2023-01-06,CPALL,132.71,141.94,130.44,130.82,9246453.0,25.87,5.38,1209.62,127.47
2023-01-09,SCB,177.7,178.49,173.2,177.57,4103809.0,11.82,5.98,728.71,184.97
2023-01-10,AOT,125.98,134.21,117.69,119.22,3516927.0,35.55,6.03,419.29,106.76
2023-01-11,KBANK,173.92,176.75,171.58,173.76,7639959.0,8.94,4.55,1327.52,177.37
2023-01-12,CPALL,120.06,129.61,110.44,112.64,7009100.0,25.38,5.65,789.51,126.3
2023-01-13,KBANK,118.84,122.1,114.93,121.73,3998935.0,6.54,2.58,486.79,111.24
2023-01-16,PTT,181.22,183.0,179.66,182.06,4732730.0,30.77,5.13,861.64,188.45
2023-01-17,SCB,145.22,152.41,136.1,139.81,320263.0,19.17,2.18,44.78,127.06
2023-01-18,AOT,58.67,60.59,49.43,58.52,,21.2,5.71,317.03,72.51
2023-01-19,AOT,86.09,91.57,85.29,90.77,8058816.0,6.05,6.14,731.5,97.11
2023-01-20,SCB,66.9,75.84,62.49,62.79,4986612.0,10.34,7.53,313.11,54.76
2023-01-23,CPALL,69.86,72.87,69.39,69.63,1270176.0,33.01,4.34,88.44,61.32
2023-01-24,AOT,164.42,164.58,157.36,162.79,2615731.0,11.94,7.04,425.81,164.0
2023-01-25,AOT,78.68,86.36,69.42,78.55,2853013.0,7.94,1.75,224.1,84.91
2023-01-26,AOT,35.55,38.47,30.59,34.31,5376995.0,23.54,3.62,184.48,26.08
2023-01-27,PTT,185.76,194.84,180.48,194.63,6100077.0,17.65,0.53,1187.26,186.88
2023-01-30,KBANK,119.96,129.31,110.64,123.41,7665738.0,23.19,4.12,,129.58
2023-01-31,SCB,181.34,189.19,174.06,187.94,7618018.0,10.28,6.99,1431.73,185.9
2023-02-01,KBANK,77.22,84.13,73.6,80.32,1722966.0,28.02,3.42,138.39,89.22
2023-02-02,CPALL,172.6,182.56,168.77,176.11,9296900.0,36.17,1.96,1637.28,173.37
2023-02-03,KBANK,77.43,87.0,75.72,78.89,5767480.0,23.96,7.43,455.0,88.58
2023-02-06,CPALL,144.99,151.74,135.52,145.72,9725338.0,5.06,5.76,1417.18,145.6
2023-02-07,KBANK,44.54,53.02,40.31,43.22,5408474.0,28.02,2.34,233.75,36.5
2023-02-08,PTT,138.19,147.99,130.79,131.89,9777585.0,19.36,5.34,1289.57,126.74
2023-02-09,KBANK,62.67,68.56,60.41,66.38,,,2.84,308.14,77.97
2023-02-10,CPALL,99.58,109.4,92.28,108.98,2138945.0,13.07,,233.1,112.04
2023-02-13,PTT,138.82,139.52,137.1,138.77,9033544.0,26.54,7.44,1253.58,143.87
2023-02-14,SCB,188.42,195.61,185.3,185.86,3592506.0,22.0,2.5,667.7,188.16
2023-02-15,AOT,133.58,141.41,124.5,137.95,7365445.0,6.64,4.24,1016.06,131.23
2023-02-16,KBANK,32.58,35.52,25.77,32.79,3287307.0,31.23,1.23,107.79,42.38
2023-02-17,AOT,117.09,121.04,109.43,118.46,4445499.0,10.42,2.26,526.61,122.16
2023-02-20,SCB,146.59,152.64,139.83,146.32,5185425.0,35.54,1.97,758.73,144.43
2023-02-21,AOT,62.89,68.44,55.76,65.79,9373845.0,23.45,1.8,616.71,70.96
2023-02-22,CPALL,73.99,80.31,71.05,73.22,1054134.0,,4.72,77.18,61.08
2023-02-23,KBANK,106.21,111.47,99.06,109.7,6269271.0,11.49,6.49,687.74,121.99
2023-02-24,AOT,53.89,57.45,46.83,50.56,,18.16,4.06,,40.85
2023-02-27,KBANK,105.26,105.62,99.44,102.62,618514.0,35.31,3.22,63.47,110.33
2023-02-28,AOT,66.76,71.31,59.97,67.41,1442967.0,36.45,6.54,97.27,72.35
2023-03-01,CPALL,107.96,114.37,101.15,108.15,9372552.0,15.89,6.43,1013.64,101.08
2023-03-02,KBANK,87.35,88.12,81.19,87.81,1194880.0,30.79,,104.92,96.62
2023-03-03,SCB,191.55,199.7,185.65,186.63,3986662.0,23.59,3.96,744.03,175.92
2023-03-06,AOT,53.15,55.85,50.01,52.4,4261850.0,38.18,1.32,223.32,54.72
2023-03-07,KBANK,75.93,81.38,74.15,78.28,6869458.0,24.24,3.44,537.74,87.16
2023-03-08,SCB,61.73,71.56,52.67,62.23,2923467.0,21.94,2.77,181.93,51.42
2023-03-09,KBANK,154.5,163.79,151.21,153.63,,6.32,2.67,510.06,158.05
2023-03-10,KBANK,150.13,152.55,142.04,150.68,8183834.0,19.1,6.11,1233.14,148.43
2023-03-13,PTT,143.86,146.39,137.3,141.41,9024528.0,37.15,4.8,,152.75
2023-03-14,KBANK,36.56,37.87,36.14,36.77,,23.64,5.8,,26.22
2023-03-15,PTT,167.85,170.52,165.94,167.89,534869.0,29.88,3.9,89.8,179.53
2023-03-16,AOT,34.39,37.68,26.21,27.48,3524704.0,11.34,3.53,96.86,40.71
2023-03-17,AOT,72.06,73.24,63.43,66.21,6499845.0,,3.68,430.35,60.18
2023-03-20,PTT,197.42,200.39,194.26,194.8,1992506.0,18.83,1.96,388.14,185.05
2023-03-21,PTT,44.09,53.58,37.06,51.62,4564563.0,28.96,1.14,235.62,50.57
2023-03-22,AOT,191.33,194.73,189.01,190.34,6833906.0,14.39,3.59,,200.91
2023-03-23,KBANK,81.06,81.76,79.51,81.09,8301361.0,24.54,0.85,673.16,88.41
2023-03-24,CPALL,125.02,133.38,116.64,131.01,9054335.0,34.56,2.16,1186.21,126.51
2023-03-27,CPALL,113.16,115.57,111.13,114.08,2793377.0,14.45,2.62,318.67,113.78
2023-03-28,AOT,173.94,179.06,165.44,166.85,,30.87,3.34,1351.39,172.45
2023-03-29,KBANK,102.07,110.8,93.46,95.38,3627188.0,9.81,5.44,345.96,100.78
2023-03-30,PTT,177.68,182.04,171.16,174.17,,14.65,6.43,923.87,163.8
2023-03-31,AOT,180.54,180.76,172.0,176.26,4001413.0,11.44,3.78,705.29,172.0
2023-04-03,KBANK,93.93,96.72,85.04,90.16,1253687.0,8.93,7.57,113.03,86.32
2023-04-04,SCB,134.6,137.59,125.89,128.45,4460310.0,36.76,7.5,572.93,134.51
2023-04-05,kbank,50.57,57.67,48.88,49.95,895493.0,16.57,1.91,44.73,53.4
2023-04-06,SCB,41.57,47.87,38.18,45.58,9741949.0,22.03,,444.04,48.1
2023-04-07,CPALL,165.34,166.28,156.11,162.55,3088106.0,21.98,4.76,501.97,168.61
2023-04-10,KBANK,114.55,120.46,106.43,120.45,2484983.0,11.33,,299.32,105.78
2023-04-11,AOT,62.04,71.51,59.02,66.13,9462919.0,12.22,5.87,625.78,58.1
2023-04-12,AOT,43.78,44.06,37.36,40.14,173464.0,16.19,,6.96,53.63
2023-04-13,KBANK,183.73,193.44,182.79,192.24,460082.0,9.05,7.05,88.45,206.16
2023-04-14,AOT,149.62,152.98,144.05,144.36,2840220.0,27.8,,410.01,154.93
2023-04-17,KBANK,159.31,161.53,158.58,159.11,8075054.0,25.44,0.6,1284.82,160.23
2023-04-18,SCB,133.97,136.98,126.12,126.68,7346005.0,,4.71,930.59,117.84
2023-04-19,SCB,139.21,139.73,129.87,136.75,,29.52,3.07,168.51,147.81
2023-04-20,CPALL,168.25,171.8,164.76,168.3,9112178.0,18.71,,1533.58,170.55
2023-04-21,AOT,126.69,135.89,123.68,129.68,5999389.0,6.85,2.84,778.0,122.69
2023-04-24,PTT,75.87,85.56,75.85,82.58,4282157.0,15.23,2.33,353.62,69.05
2023-04-25,AOT,46.96,49.15,37.92,39.44,,13.92,6.26,142.25,27.25
2023-04-26,AOT,110.51,111.97,103.56,104.14,4162686.0,28.77,1.16,433.5,92.17
2023-04-27,KBANK,83.29,85.21,82.69,84.16,5357980.0,,0.5,450.93,75.59
2023-04-28,AOT,167.32,173.59,158.93,166.96,6344021.0,34.74,3.65,1059.2,157.14
2023-05-01,PTT,171.03,178.38,161.52,177.5,4964875.0,31.18,1.47,881.27,172.25
2023-05-02,CPALL,148.54,149.0,144.76,145.44,9286344.0,21.4,6.64,1350.61,135.34
2023-05-03,PTT,37.81,39.33,28.4,31.16,9333487.0,15.62,,,37.22
2023-05-04,SCB,49.27,54.57,47.63,54.21,8392212.0,26.6,4.46,454.94,58.8
2023-05-05,AOT,125.49,128.11,120.03,123.87,9973215.0,27.93,4.51,1235.38,110.4
2023-05-08,KBANK,192.96,194.95,185.25,189.04,,36.85,7.58,50.76,196.65
2023-05-09,PTT,197.02,206.64,190.13,197.54,2858835.0,15.48,2.07,564.73,188.32
2023-05-10,CPALL,42.92,50.08,40.65,42.23,9641464.0,35.03,3.65,407.16,57.02
2023-05-11,KBANK,106.91,109.42,100.26,100.74,2392368.0,34.19,6.41,241.01,97.25
2023-05-12,KBANK,50.79,59.96,44.65,57.04,5081523.0,7.22,4.38,289.85,59.3
2023-05-15,CPALL,185.55,195.04,178.76,179.05,1188190.0,14.22,4.49,212.75,169.47
2023-05-16,KBANK,107.78,110.48,102.13,108.17,1024557.0,,7.31,110.83,113.99
2023-05-17,CPALL,39.17,41.53,32.68,41.18,1308998.0,13.65,3.97,,45.29
2023-05-18,SCB,117.79,123.27,113.61,113.97,395093.0,20.21,6.16,45.03,103.02
2023-05-19,AOT,100.65,107.85,97.42,104.37,8970586.0,12.95,6.51,936.26,92.08
2023-05-22,AOT,142.19,150.81,137.54,149.37,4411795.0,,1.88,658.99,142.21
2023-05-23,PTT,178.55,181.95,172.74,173.12,6029045.0,29.84,7.69,1043.75,169.38
2023-05-24,SCB,168.61,171.44,168.22,169.53,1033012.0,13.62,5.85,175.13,169.35
2023-05-25,CPALL,149.29,151.78,142.31,144.89,2489407.0,32.55,5.94,360.69,155.67
2023-05-26,SCB,53.12,60.05,51.69,51.75,8623259.0,38.32,0.99,446.25,66.01
2023-05-29,AOT,65.14,71.07,62.5,63.49,2726997.0,11.16,1.86,173.14,75.23
2023-05-30,PTT,121.23,122.32,111.94,118.01,5119904.0,16.91,1.9,604.2,107.29
2023-05-31,PTT,109.07,113.77,102.22,104.87,1926750.0,27.36,2.19,,119.27
2023-06-01,SCB,50.06,58.79,46.98,54.96,8086460.0,34.91,4.21,444.43,52.01
2023-06-02,KBANK,97.85,102.45,92.69,96.87,329679.0,28.0,4.46,31.94,98.41
2023-06-05,SCB,72.02,78.89,64.48,72.9,,26.22,4.36,473.44,59.86
2023-06-06,AOT,42.76,49.64,34.56,36.04,1121405.0,37.71,0.67,40.42,48.15
2023-06-07,CPALL,50.6,53.31,48.79,50.87,1989194.0,37.55,3.6,101.19,60.12
2023-06-08,PTT,169.9,178.82,163.28,171.07,1996831.0,38.73,5.2,341.6,183.14
2023-06-09,KBANK,88.44,94.81,83.86,90.73,,26.17,4.06,342.42,91.9
2023-06-12,PTT,158.8,160.44,156.73,159.97,3706374.0,14.04,3.35,592.91,152.75
2023-06-13,KBANK,83.33,90.12,77.32,77.74,4568857.0,,1.4,355.18,89.14
2023-06-14,PTT,147.03,152.34,141.91,147.15,8384446.0,32.85,4.59,1233.77,157.8
2023-06-15,AOT,85.31,95.01,77.92,79.8,2010837.0,,5.13,,68.23
2023-06-16,KBANK,129.67,134.9,123.51,130.74,2591396.0,,3.64,338.8,132.29
2023-06-19,SCB,189.1,196.72,183.48,184.79,3286730.0,13.9,1.16,607.35,170.21
2023-06-20,AOT,164.55,168.83,159.27,159.9,1052529.0,23.51,7.3,168.3,158.66
2023-06-21,AOT,111.34,113.13,111.16,112.21,7788493.0,23.25,5.15,873.95,98.88
2023-06-22,SCB,83.86,89.74,78.78,83.52,9538913.0,24.81,6.47,796.69,69.47
2023-06-23,AOT,141.62,146.48,134.24,144.36,2675664.0,11.33,3.38,386.26,147.78
2023-06-26,CPALL,66.44,70.05,65.82,66.58,1531410.0,11.15,2.57,101.96,62.32
2023-06-27,AOT,147.45,152.36,141.94,144.08,9226343.0,5.1,5.27,1329.33,137.56
2023-06-28,SCB,57.52,66.01,53.36,60.7,5729580.0,24.01,4.65,347.79,62.88
2023-06-29,KBANK,106.01,110.42,98.69,103.02,7413350.0,34.4,7.16,763.72,91.46
2023-06-30,KBANK,174.47,177.04,167.95,176.15,9337397.0,25.9,3.91,,161.46
2023-07-03,PTT,70.35,76.73,62.11,74.19,7738292.0,19.85,2.95,574.1,71.18
2023-07-04,AOT,144.81,145.34,137.01,144.43,1117295.0,6.04,5.2,161.37,139.48
2023-07-05,SCB,172.49,174.04,169.87,170.78,6464124.0,35.6,6.12,1103.94,180.36
2023-07-06,KBANK,149.8,159.22,140.5,145.67,5647839.0,6.63,5.23,822.72,152.13
2023-07-07,PTT,193.77,197.87,193.53,197.54,5183210.0,27.07,0.7,1023.89,192.15
2023-07-10,AOT,172.88,180.61,168.56,171.74,761545.0,20.43,6.55,,183.31
2023-07-11,SCB,108.58,112.54,104.73,106.3,,12.03,7.22,869.35,103.63
2023-07-12,KBANK,100.02,100.28,91.43,98.44,1997542.0,34.91,7.58,196.64,110.44
2023-07-13,SCB,174.59,184.5,171.0,178.51,3581405.0,7.95,,639.32,175.09
2023-07-14,CPALL,191.38,196.2,182.12,196.13,8543613.0,16.59,,1675.66,181.68
2023-07-17,AOT,82.4,86.46,73.07,75.81,6150134.0,35.57,4.93,466.24,87.92
2023-07-18,PTT,121.98,131.7,112.28,118.17,2812706.0,,,332.38,114.67
2023-07-19,CPALL,192.94,197.0,188.22,188.71,1970100.0,5.65,4.23,371.78,196.06
2023-07-20,AOT,64.2,66.74,54.29,64.76,1271124.0,27.37,7.77,82.32,78.84
2023-07-21,PTT,52.29,57.02,50.93,54.0,4124281.0,21.8,4.83,222.71,60.31
2023-07-24,CPALL,107.7,109.35,105.25,108.89,720831.0,12.71,1.23,78.49,97.41
2023-07-25,KBANK,173.23,178.67,171.33,172.64,2295187.0,11.82,4.27,396.24,183.1
2023-07-26,PTT,151.07,157.39,146.13,152.53,5982150.0,21.77,4.64,,143.02
2023-07-27,PTT,158.67,167.89,153.92,155.79,8913001.0,16.82,,,146.72
2023-07-28,KBANK,33.33,34.81,28.8,33.77,7014133.0,23.81,6.44,236.87,19.94
2023-07-31,CPALL,143.55,145.36,133.57,139.58,2020072.0,38.31,5.44,281.96,151.85
2023-08-01,AOT,39.36,40.52,38.05,38.11,,14.92,6.41,30.39,44.34
2023-08-02,SCB,138.56,147.29,128.6,142.38,7079180.0,10.53,6.99,1007.93,137.01
2023-08-03,KBANK,157.32,160.51,154.1,159.35,4586021.0,33.53,1.18,730.78,158.9
2023-08-04,PTT,181.91,186.93,173.46,183.38,6854534.0,31.76,2.52,1256.98,182.06
2023-08-07,AOT,46.22,52.44,45.29,48.04,,,1.53,66.08,55.24
2023-08-08,KBANK,100.85,106.17,97.42,99.88,2085267.0,20.4,5.36,208.28,96.0
2023-08-09,AOT,81.83,89.7,80.18,87.55,6845014.0,39.74,5.39,599.28,96.67
2023-08-10,KBANK,67.74,73.26,61.02,73.19,,37.72,5.24,433.55,83.41
2023-08-11,SCB,132.34,132.83,128.01,131.1,8743684.0,38.09,6.2,1146.3,144.2
2023-08-14,PTT,33.33,40.95,28.58,35.82,7050066.0,20.73,5.61,252.53,47.41
2023-08-15,SCB,139.93,140.29,138.17,140.25,1283052.0,12.35,7.47,,142.93
2023-08-16,AOT,132.28,137.68,123.94,132.7,7475424.0,37.52,5.04,991.99,124.62
2023-08-17,PTT,33.08,39.71,31.69,38.55,7968936.0,6.44,4.45,307.2,38.97
2023-08-18,KBANK,58.53,65.01,54.46,58.48,,,4.44,319.47,69.78
2023-08-21,PTT,186.6,190.96,184.47,186.02,,10.66,3.98,1076.84,172.67
2023-08-22,KBANK,148.17,148.41,143.6,148.26,9388999.0,30.99,2.36,1392.01,147.42
2023-08-23,CPALL,32.9,37.82,26.88,28.01,5487164.0,10.14,3.63,153.7,23.58
2023-08-24,PTT,97.36,107.12,96.33,106.2,5539025.0,33.81,5.91,588.24,98.42
2023-08-25,PTT,166.32,172.64,159.37,162.27,2157545.0,5.85,2.3,350.1,156.34
2023-08-28,KBANK,96.84,102.85,92.64,99.57,5623448.0,5.95,6.59,559.93,112.69
2023-08-29,SCB,79.74,81.17,72.59,77.25,720456.0,28.23,7.23,,70.05
2023-08-30,PTT,43.87,53.04,36.7,42.87,5056249.0,13.75,1.95,,37.57
2023-08-31,PTT,198.13,205.99,188.67,190.02,7772209.0,15.45,5.62,1476.88,187.5
2023-09-01,KBANK,155.28,158.1,147.65,156.16,5348468.0,8.06,5.27,835.22,141.86
2023-09-04,KBANK,69.32,77.08,64.86,74.3,9364888.0,29.39,7.9,695.81,65.48
2023-09-05,KBANK,66.87,73.67,61.19,63.73,5424035.0,39.77,6.78,345.67,60.1
2023-09-06,SCB,81.58,84.07,80.75,83.52,2228129.0,31.73,6.22,186.09,74.1
2023-09-07,KBANK,91.5,92.81,81.92,88.08,9013759.0,10.63,4.63,793.93,86.98
2023-09-08,PTT,141.8,150.64,132.89,138.57,3222166.0,9.22,6.54,446.5,127.3
2023-09-11,CPALL,168.58,170.79,166.78,168.48,2584301.0,5.39,2.17,435.4,168.66
2023-09-12,KBANK,59.53,64.43,55.5,63.34,,14.35,5.44,178.11,53.3
2023-09-13,AOT,197.28,207.07,195.22,201.01,6911253.0,19.64,6.54,1389.23,211.22
2023-09-14,PTT,74.75,82.06,69.99,75.57,5793917.0,22.28,,437.85,80.89
2023-09-15,AOT,142.23,147.81,132.9,134.13,1869078.0,35.18,,250.7,128.51
2023-09-18,CPALL,45.68,53.74,39.22,46.45,1978055.0,21.69,1.23,91.88,61.18
2023-09-19,CPALL,50.45,51.1,42.73,45.06,5548162.0,14.2,4.85,250.0,35.06
2023-09-20,SCB,50.01,51.72,46.44,49.58,7621372.0,27.21,4.37,377.87,46.32
2023-09-21,AOT,116.65,121.61,108.99,115.11,9446895.0,6.74,2.22,,101.42
2023-09-22,PTT,166.0,167.09,164.77,165.81,7057908.0,33.67,2.6,1170.27,158.78
2023-09-25,CPALL,139.7,144.3,130.39,131.94,4144456.0,,7.9,546.82,123.06
2023-09-26,SCB,133.31,138.56,126.4,126.69,310969.0,,1.5,39.4,120.83
2023-09-27,PTT,156.5,162.39,149.02,160.66,1103152.0,25.22,2.2,177.23,156.81
2023-09-28,AOT,30.91,35.94,21.09,23.96,9204009.0,22.05,6.48,220.53,13.87
2023-09-29,KBANK,172.09,176.54,168.83,175.92,7698346.0,8.85,7.17,1354.29,184.24
2023-10-02,AOT,139.5,141.06,132.25,133.9,1996378.0,27.52,7.15,,147.13
2023-10-03,AOT,47.03,51.93,39.17,44.23,324526.0,13.2,3.56,14.35,54.05
2023-10-04,KBANK,186.23,190.48,181.99,187.65,,27.14,3.07,280.47,176.66
2023-10-05,SCB,180.82,182.63,178.49,180.93,3389522.0,11.87,2.0,613.27,171.54
2023-10-06,AOT,115.81,123.54,112.57,118.7,5656851.0,25.12,7.18,671.47,121.4
2023-10-09,AOT,118.96,128.86,113.77,124.68,,32.87,,546.07,125.33
2023-10-10,KBANK,173.35,174.39,164.78,172.97,7194046.0,22.72,1.88,1244.35,173.38
2023-10-11,CPALL,86.16,90.2,81.32,86.82,571791.0,20.59,1.01,49.64,91.1
2023-10-12,PTT,80.27,84.86,70.87,83.75,,,2.51,207.43,76.02
2023-10-13,PTT,170.86,172.5,170.4,171.13,5205099.0,18.65,6.66,890.75,159.5
2023-10-16,SCB,147.92,148.66,139.05,144.86,2526623.0,19.69,2.39,366.01,131.7
2023-10-17,SCB,98.49,102.37,95.92,99.6,7521330.0,39.79,1.68,749.12,110.22
2023-10-18,SCB,110.17,113.62,104.87,105.52,2566720.0,9.13,4.19,270.84,98.82
2023-10-19,PTT,175.3,179.47,172.72,173.2,7897461.0,18.04,3.82,1367.84,176.05
2023-10-20,KBANK,30.77,38.64,26.81,33.59,8637451.0,39.62,7.58,290.13,35.3
2023-10-23,CPALL,36.93,37.48,30.72,35.65,,12.34,4.96,102.48,41.69
2023-10-24,PTT,119.65,123.83,111.44,121.5,,32.16,2.18,493.08,107.45
2023-10-25,CPALL,57.77,60.4,54.84,57.09,999999999.0,24.72,7.33,192.21,56.37
2023-10-26,CPALL,61.11,68.75,52.53,57.42,6165531.0,35.46,3.85,354.02,71.07
2023-10-27,KBANK,71.76,73.19,69.97,71.46,7380820.0,13.5,3.76,527.43,67.59
2023-10-30,CPALL,149.66,155.67,148.28,151.13,2017765.0,19.15,7.71,304.94,146.93
2023-10-31,KBANK,165.44,165.51,164.9,164.95,3018890.0,28.7,6.17,497.97,153.83
2020-02-05,SCB,97.34,97.7,96.06,96.2,8983784.0,10.16,6.17,864.24,97.13
2021-08-16,PTT,174.2,176.96,168.29,171.26,1027547.0,30.86,5.23,175.98,182.55
2022-01-21,CPALL,189.28,192.96,181.84,182.42,2047898.0,19.9,6.77,373.58,185.09
2021-04-28,SCB,172.59,174.78,168.02,171.78,6146828.0,25.92,1.31,1055.9,176.26
2021-12-31,SCB,58.11,58.96,52.32,52.33,9144164.0,12.57,1.6,478.51,60.49
2021-02-11,KBANK,136.69,136.81,132.15,135.93,8532905.0,7.55,1.0,1159.88,128.74
2022-06-13,SCB,50.2,53.5,40.82,44.65,1566661.0,16.82,4.84,69.95,46.73
2020-07-27,AOT,57.8,58.04,52.82,56.21,5335856.0,5.91,0.61,299.93,70.9
2021-07-02,PTT,121.69,126.04,113.44,117.82,7431155.0,34.83,7.71,875.54,103.76
2022-11-17,PTT,48.37,49.03,38.45,39.48,4273152.0,22.46,3.26,168.7,29.15
2020-08-14,AOT,102.34,108.88,96.79,103.05,,33.43,0.56,24.87,114.62
2022-01-25,KBANK,109.74,109.79,101.32,107.81,1480529.0,31.24,4.93,159.62,121.79
2022-10-18,CPALL,176.7,177.44,171.31,175.18,1750660.0,13.48,,306.68,179.22
2021-12-03,CPALL,55.04,63.81,54.01,54.23,4699915.0,10.01,4.1,254.88,56.72
2021-06-23,AOT,41.48,48.44,37.85,44.04,5250762.0,28.11,4.55,231.24,30.18
2020-02-27,CPALL,39.81,43.79,38.68,39.25,5387097.0,23.45,7.49,211.44,31.89
2021-02-18,KBANK,158.53,164.68,155.0,162.49,7419373.0,,2.28,1205.57,176.47
2021-05-11,AOT,188.1,190.61,178.82,182.65,839581.0,6.42,1.57,153.35,185.59
2020-03-13,CPALL,184.85,194.07,178.97,189.33,2388053.0,30.12,1.98,452.13,187.73
2022-02-07,KBANK,142.09,143.25,134.2,136.78,1954045.0,21.69,4.98,267.27,148.96
2023-02-23,KBANK,106.21,111.47,99.06,109.7,6269271.0,11.49,6.49,687.74,121.99
2023-02-20,SCB,146.59,152.64,139.83,146.32,5185425.0,35.54,1.97,758.73,144.43
2022-10-19,CPALL,74.23,77.45,67.32,70.63,4569276.0,39.98,,322.73,80.44
2020-12-07,SCB,127.84,131.05,119.71,121.49,626383.0,32.24,4.27,76.1,130.78
2022-03-04,KBANK,113.1,115.12,112.26,112.99,,22.26,7.41,,104.99
2023-10-18,SCB,110.17,113.62,104.87,105.52,2566720.0,9.13,4.19,270.84,98.82
2022-08-25,KBANK,50.96,55.37,50.87,51.27,5964642.0,8.47,3.38,305.81,54.61
2021-10-21,CPALL,188.26,195.91,182.44,190.09,732187.0,27.18,6.08,,182.86
2020-03-11,AOT,120.61,127.56,118.44,120.73,352013.0,29.43,6.65,42.5,121.84
2021-08-23,PTT,130.62,135.8,124.37,126.58,1064121.0,31.23,5.8,134.7,134.96
